abetow,0.25,0.0,15000.0,false
acafly,0.25,0.0,15000.0,false
acowoo,0.25,0.0,15000.0,false
afrsil1,0.25,0.0,15000.0,false
aldfly,0.25,0.0,15000.0,false
aleter1,0.25,0.0,15000.0,false
allhum,0.25,0.0,15000.0,false
altori,0.25,0.0,15000.0,false
amakin1,0.25,0.0,15000.0,false
ameavo,0.25,0.0,15000.0,false
amebit,0.25,0.0,15000.0,false
ambduc,0.25,0.0,15000.0,false
y00475,0.25,0.0,15000.0,false
amecro,0.25,0.0,15000.0,false
amedip,0.25,0.0,15000.0,false
grefla2,0.25,0.0,15000.0,false
amgplo,0.25,0.0,15000.0,false
amegfi,0.25,0.0,15000.0,false
amekes,0.25,0.0,15000.0,false
ameoys,0.25,0.0,15000.0,false
amepip,0.25,0.0,15000.0,false
amered,0.25,0.0,15000.0,false
amerob,0.25,0.0,15000.0,false
attwoo1,0.25,0.0,15000.0,false
amtspa,0.25,0.0,15000.0,false
amwpel,0.25,0.0,15000.0,false
amewig,0.25,0.0,15000.0,false
amewoo,0.25,0.0,15000.0,false
amthum1,0.25,0.0,15000.0,false
stonec7,0.25,0.0,15000.0,false
anhing,0.25,0.0,15000.0,false
annhum,0.25,0.0,15000.0,false
anteup1,0.25,0.0,15000.0,false
antnig,0.25,0.0,15000.0,false
anpswi,0.25,0.0,15000.0,false
apapan,0.25,0.0,15000.0,false
aplfal,0.25,0.0,15000.0,false
arcloo,0.25,0.0,15000.0,false
arcter,0.25,0.0,15000.0,false
arcwar1,0.25,0.0,15000.0,false
ariwoo,0.25,0.0,15000.0,false
astfly,0.25,0.0,15000.0,false
atlpuf,0.25,0.0,15000.0,false
audori,0.25,0.0,15000.0,false
kinrai2,0.25,0.0,15000.0,false
azchum1,0.25,0.0,15000.0,false
bahmoc,0.25,0.0,15000.0,false
baisan,0.25,0.0,15000.0,false
baispa,0.25,0.0,15000.0,false
baleag,0.25,0.0,15000.0,false
balori,0.25,0.0,15000.0,false
banana,0.25,0.0,15000.0,false
babwre1,0.25,0.0,15000.0,false
batpig1,0.25,0.0,15000.0,false
banswa,0.25,0.0,15000.0,false
batgod,0.25,0.0,15000.0,false
btther1,0.25,0.0,15000.0,false
brnowl,0.25,0.0,15000.0,false
barswa,0.25,0.0,15000.0,false
bargoo,0.25,0.0,15000.0,false
barant1,0.25,0.0,15000.0,false
brdowl,0.25,0.0,15000.0,false
bargol,0.25,0.0,15000.0,false
batfal1,0.25,0.0,15000.0,false
babwar,0.25,0.0,15000.0,false
bewpar1,0.25,0.0,15000.0,false
beehum1,0.25,0.0,15000.0,false
belyel1,0.25,0.0,15000.0,false
belspa2,0.25,0.0,15000.0,false
belvir,0.25,0.0,15000.0,false
belkin1,0.25,0.0,15000.0,false
benthr,0.25,0.0,15000.0,false
berhum,0.25,0.0,15000.0,false
bewwre,0.25,0.0,15000.0,false
bicthr,0.25,0.0,15000.0,false
blacat1,0.25,0.0,15000.0,false
blkgui,0.25,0.0,15000.0,false
blknod,0.25,0.0,15000.0,false
blkoys,0.25,0.0,15000.0,false
blkpho,0.25,0.0,15000.0,false
blkrai,0.25,0.0,15000.0,false
blksco2,0.25,0.0,15000.0,false
blkski,0.25,0.0,15000.0,false
blkswi,0.25,0.0,15000.0,false
blkter,0.25,0.0,15000.0,false
blarob1,0.25,0.0,15000.0,false
blktur,0.25,0.0,15000.0,false
blkvul,0.25,0.0,15000.0,false
blawoo1,0.25,0.0,15000.0,false
bawwar,0.25,0.0,15000.0,false
blbori1,0.25,0.0,15000.0,false
bkbwoo,0.25,0.0,15000.0,false
bkbplo,0.25,0.0,15000.0,false
bbwduc,0.25,0.0,15000.0,false
bkbcuc,0.25,0.0,15000.0,false
bkbmag1,0.25,0.0,15000.0,false
bkcchi,0.25,0.0,15000.0,false
bkcgna,0.25,0.0,15000.0,false
bkcvir1,0.25,0.0,15000.0,false
bkchum,0.25,0.0,15000.0,false
bkcspa,0.25,0.0,15000.0,false
bkcori,0.25,0.0,15000.0,false
blctit4,0.25,0.0,15000.0,false
bcnher,0.25,0.0,15000.0,false
bcptan1,0.25,0.0,15000.0,false
bkfgra,0.25,0.0,15000.0,false
bkfalb,0.25,0.0,15000.0,false
bkhgro,0.25,0.0,15000.0,false
bkhgul,0.25,0.0,15000.0,false
bhnthr1,0.25,0.0,15000.0,false
blhsal1,0.25,0.0,15000.0,false
blhsis1,0.25,0.0,15000.0,false
blhtro1,0.25,0.0,15000.0,false
bklkit,0.25,0.0,15000.0,false
bknsti,0.25,0.0,15000.0,false
bktgna,0.25,0.0,15000.0,false
bktgod,0.25,0.0,15000.0,false
btbwar,0.25,0.0,15000.0,false
bltbob1,0.25,0.0,15000.0,false
btywar,0.25,0.0,15000.0,false
btnwar,0.25,0.0,15000.0,false
btmjay,0.25,0.0,15000.0,false
bktspa,0.25,0.0,15000.0,false
bkvori,0.25,0.0,15000.0,false
bkwvir,0.25,0.0,15000.0,false
bkbwar,0.25,0.0,15000.0,false
bkpwar,0.25,0.0,15000.0,false
blubun,0.25,0.0,15000.0,false
blugrb1,0.25,0.0,15000.0,false
blgdov1,0.25,0.0,15000.0,false
blujay,0.25,0.0,15000.0,false
blumoc,0.25,0.0,15000.0,false
blbgra1,0.25,0.0,15000.0,false
bucmot1,0.25,0.0,15000.0,false
bfoboo,0.25,0.0,15000.0,false
buggna,0.25,0.0,15000.0,false
bugtan,0.25,0.0,15000.0,false
buhvir,0.25,0.0,15000.0,false
buthum,0.25,0.0,15000.0,false
buwtea,0.25,0.0,15000.0,false
buwwar,0.25,0.0,15000.0,false
blueth,0.25,0.0,15000.0,false
bobfly1,0.25,0.0,15000.0,false
bobher1,0.25,0.0,15000.0,false
botgra,0.25,0.0,15000.0,false
boboli,0.25,0.0,15000.0,false
bohwax,0.25,0.0,15000.0,false
bongul,0.25,0.0,15000.0,false
borchi2,0.25,0.0,15000.0,false
borowl,0.25,0.0,15000.0,false
botspa,0.25,0.0,15000.0,false
brambl,0.25,0.0,15000.0,false
brant,0.25,0.0,15000.0,false
brebla,0.25,0.0,15000.0,false
brespa,0.25,0.0,15000.0,false
briter1,0.25,0.0,15000.0,false
britit,0.25,0.0,15000.0,false
brratt1,0.25,0.0,15000.0,false
brtcur,0.25,0.0,15000.0,false
brbhum,0.25,0.0,15000.0,false
brbtod1,0.25,0.0,15000.0,false
brthum,0.25,0.0,15000.0,false
brwhaw,0.25,0.0,15000.0,false
brocow,0.25,0.0,15000.0,false
brnboo,0.25,0.0,15000.0,false
brncre,0.25,0.0,15000.0,false
brnjay,0.25,0.0,15000.0,false
brnnod,0.25,0.0,15000.0,false
brnpel,0.25,0.0,15000.0,false
brnshr,0.25,0.0,15000.0,false
brnthr,0.25,0.0,15000.0,false
brbsol1,0.25,0.0,15000.0,false
brcvir1,0.25,0.0,15000.0,false
bncfly,0.25,0.0,15000.0,false
bnhcow,0.25,0.0,15000.0,false
bnhnut,0.25,0.0,15000.0,false
bubhum,0.25,0.0,15000.0,false
bubfly,0.25,0.0,15000.0,false
bubsan,0.25,0.0,15000.0,false
bucnig,0.25,0.0,15000.0,false
buffle,0.25,0.0,15000.0,false
bulshe,0.25,0.0,15000.0,false
bulori,0.25,0.0,15000.0,false
bumhum,0.25,0.0,15000.0,false
burowl,0.25,0.0,15000.0,false
bushti,0.25,0.0,15000.0,false
cacgoo1,0.25,0.0,15000.0,false
cacwre,0.25,0.0,15000.0,false
calgna,0.25,0.0,15000.0,false
calgul,0.25,0.0,15000.0,false
calqua,0.25,0.0,15000.0,false
cowscj1,0.25,0.0,15000.0,false
calthr,0.25,0.0,15000.0,false
caltow,0.25,0.0,15000.0,false
calhum,0.25,0.0,15000.0,false
cangoo,0.25,0.0,15000.0,false
gryjay,0.25,0.0,15000.0,false
canwar,0.25,0.0,15000.0,false
canvas,0.25,0.0,15000.0,false
cantow,0.25,0.0,15000.0,false
canwre,0.25,0.0,15000.0,false
camwar,0.25,0.0,15000.0,false
carchi,0.25,0.0,15000.0,false
carwre,0.25,0.0,15000.0,false
carcro1,0.25,0.0,15000.0,false
caster1,0.25,0.0,15000.0,false
casfin,0.25,0.0,15000.0,false
caskin,0.25,0.0,15000.0,false
casspa,0.25,0.0,15000.0,false
casvir,0.25,0.0,15000.0,false
categr,0.25,0.0,15000.0,false
cavswa,0.25,0.0,15000.0,false
cedwax,0.25,0.0,15000.0,false
chemun,0.25,0.0,15000.0,false
chbchi,0.25,0.0,15000.0,false
chclon,0.25,0.0,15000.0,false
chcswi1,0.25,0.0,15000.0,false
chswar,0.25,0.0,15000.0,false
chirav,0.25,0.0,15000.0,false
chiswi,0.25,0.0,15000.0,false
melthr,0.25,0.0,15000.0,false
chispa,0.25,0.0,15000.0,false
chwwid,0.25,0.0,15000.0,false
chukar,0.25,0.0,15000.0,false
cinhum1,0.25,0.0,15000.0,false
cintea,0.25,0.0,15000.0,false
grasal2,0.25,0.0,15000.0,false
whcsee2,0.25,0.0,15000.0,false
cittro1,0.25,0.0,15000.0,false
clarai11,0.25,0.0,15000.0,false
clagre,0.25,0.0,15000.0,false
clanut,0.25,0.0,15000.0,false
clcspa,0.25,0.0,15000.0,false
clcrob,0.25,0.0,15000.0,false
cliswa,0.25,0.0,15000.0,false
copowl1,0.25,0.0,15000.0,false
colwar,0.25,0.0,15000.0,false
colara1,0.25,0.0,15000.0,false
coffal1,0.25,0.0,15000.0,false
colplo1,0.25,0.0,15000.0,false
coltro1,0.25,0.0,15000.0,false
comblh1,0.25,0.0,15000.0,false
comchi1,0.25,0.0,15000.0,false
cobtan1,0.25,0.0,15000.0,false
comcuc,0.25,0.0,15000.0,false
comeid,0.25,0.0,15000.0,false
comgal1,0.25,0.0,15000.0,false
comgol,0.25,0.0,15000.0,false
comgra,0.25,0.0,15000.0,false
comgre,0.25,0.0,15000.0,false
cogdov,0.25,0.0,15000.0,false
mewgul,0.25,0.0,15000.0,false
cohmar1,0.25,0.0,15000.0,false
comloo,0.25,0.0,15000.0,false
commer,0.25,0.0,15000.0,false
commur,0.25,0.0,15000.0,false
commyn,0.25,0.0,15000.0,false
comnig,0.25,0.0,15000.0,false
compau,0.25,0.0,15000.0,false
compoo,0.25,0.0,15000.0,false
comrav,0.25,0.0,15000.0,false
comred,0.25,0.0,15000.0,false
corplo,0.25,0.0,15000.0,false
comros,0.25,0.0,15000.0,false
comsan,0.25,0.0,15000.0,false
comsni,0.25,0.0,15000.0,false
comter,0.25,0.0,15000.0,false
cotfly1,0.25,0.0,15000.0,false
comwax,0.25,0.0,15000.0,false
comyel,0.25,0.0,15000.0,false
conwar,0.25,0.0,15000.0,false
coopet,0.25,0.0,15000.0,false
coohaw,0.25,0.0,15000.0,false
corfly,0.25,0.0,15000.0,false
coshum,0.25,0.0,15000.0,false
coukin,0.25,0.0,15000.0,false
crahaw,0.25,0.0,15000.0,false
crcwar,0.25,0.0,15000.0,false
y00678,0.25,0.0,15000.0,false
cregua1,0.25,0.0,15000.0,false
crcgro,0.25,0.0,15000.0,false
crithr,0.25,0.0,15000.0,false
cubbla,0.25,0.0,15000.0,false
cubcro1,0.25,0.0,15000.0,false
cubgna1,0.25,0.0,15000.0,false
cugwoo1,0.25,0.0,15000.0,false
cubpar1,0.25,0.0,15000.0,false
cubpew1,0.25,0.0,15000.0,false
cupowl1,0.25,0.0,15000.0,false
cubsol1,0.25,0.0,15000.0,false
cubtod1,0.25,0.0,15000.0,false
cubtro1,0.25,0.0,15000.0,false
cubvir1,0.25,0.0,15000.0,false
cursan,0.25,0.0,15000.0,false
cubthr,0.25,0.0,15000.0,false
daejun,0.25,0.0,15000.0,false
dickci,0.25,0.0,15000.0,false
doccor,0.25,0.0,15000.0,false
dstkne,0.25,0.0,15000.0,false
dowwoo,0.25,0.0,15000.0,false
dunlin,0.25,0.0,15000.0,false
dusfly,0.25,0.0,15000.0,false
dusgro,0.25,0.0,15000.0,false
dusthr2,0.25,0.0,15000.0,false
duswar,0.25,0.0,15000.0,false
ducfly,0.25,0.0,15000.0,false
eargre,0.25,0.0,15000.0,false
earpoo1,0.25,0.0,15000.0,false
earque,0.25,0.0,15000.0,false
easblu,0.25,0.0,15000.0,false
eactan1,0.25,0.0,15000.0,false
easkin,0.25,0.0,15000.0,false
easmea,0.25,0.0,15000.0,false
easpho,0.25,0.0,15000.0,false
easowl1,0.25,0.0,15000.0,false
eastow,0.25,0.0,15000.0,false
easwpw1,0.25,0.0,15000.0,false
eawpew,0.25,0.0,15000.0,false
eaywag,0.25,0.0,15000.0,false
eleeup1,0.25,0.0,15000.0,false
elequa,0.25,0.0,15000.0,false
eleter1,0.25,0.0,15000.0,false
eletro,0.25,0.0,15000.0,false
elfowl,0.25,0.0,15000.0,false
empgoo,0.25,0.0,15000.0,false
ercfra,0.25,0.0,15000.0,false
eurbul,0.25,0.0,15000.0,false
eucdov,0.25,0.0,15000.0,false
eurdot,0.25,0.0,15000.0,false
eueowl1,0.25,0.0,15000.0,false
eurhob,0.25,0.0,15000.0,false
eurkes,0.25,0.0,15000.0,false
eurmag1,0.25,0.0,15000.0,false
eurnut1,0.25,0.0,15000.0,false
eurnut2,0.25,0.0,15000.0,false
skylar,0.25,0.0,15000.0,false
eurspa1,0.25,0.0,15000.0,false
ettwoo1,0.25,0.0,15000.0,false
eutspa,0.25,0.0,15000.0,false
eurwig,0.25,0.0,15000.0,false
winwre4,0.25,0.0,15000.0,false
eurwry,0.25,0.0,15000.0,false
eugplo,0.25,0.0,15000.0,false
eursta,0.25,0.0,15000.0,false
evegro,0.25,0.0,15000.0,false
eyrfla1,0.25,0.0,15000.0,false
eyethr,0.25,0.0,15000.0,false
fatwar,0.25,0.0,15000.0,false
faecur,0.25,0.0,15000.0,false
ferfli1,0.25,0.0,15000.0,false
ferhaw,0.25,0.0,15000.0,false
fepowl,0.25,0.0,15000.0,false
fiespa,0.25,0.0,15000.0,false
fieldf,0.25,0.0,15000.0,false
fiscro,0.25,0.0,15000.0,false
fisspa,0.25,0.0,15000.0,false
flctan,0.25,0.0,15000.0,false
flaowl,0.25,0.0,15000.0,false
flfshe,0.25,0.0,15000.0,false
forter,0.25,0.0,15000.0,false
foxspa,0.25,0.0,15000.0,false
fragul,0.25,0.0,15000.0,false
fuwduc,0.25,0.0,15000.0,false
gadwal,0.25,0.0,15000.0,false
gamqua,0.25,0.0,15000.0,false
gargan,0.25,0.0,15000.0,false
gartro1,0.25,0.0,15000.0,false
gilwoo,0.25,0.0,15000.0,false
gilfli,0.25,0.0,15000.0,false
glagul,0.25,0.0,15000.0,false
glwgul,0.25,0.0,15000.0,false
gloibi,0.25,0.0,15000.0,false
goleag,0.25,0.0,15000.0,false
golswa1,0.25,0.0,15000.0,false
golvir1,0.25,0.0,15000.0,false
gobwar1,0.25,0.0,15000.0,false
gchwar,0.25,0.0,15000.0,false
gocwoo1,0.25,0.0,15000.0,false
gockin,0.25,0.0,15000.0,false
gocspa,0.25,0.0,15000.0,false
gcrwar,0.25,0.0,15000.0,false
gofwoo,0.25,0.0,15000.0,false
goowoo1,0.25,0.0,15000.0,false
gowwar,0.25,0.0,15000.0,false
grawar,0.25,0.0,15000.0,false
graspa,0.25,0.0,15000.0,false
grycat,0.25,0.0,15000.0,false
gryfly,0.25,0.0,15000.0,false
gryfra,0.25,0.0,15000.0,false
gryhaw2,0.25,0.0,15000.0,false
grykin,0.25,0.0,15000.0,false
grypar,0.25,0.0,15000.0,false
grsfly1,0.25,0.0,15000.0,false
grathr1,0.25,0.0,15000.0,false
gryvir,0.25,0.0,15000.0,false
grywag,0.25,0.0,15000.0,false
gybmar,0.25,0.0,15000.0,false
gbwwre1,0.25,0.0,15000.0,false
gycthr,0.25,0.0,15000.0,false
grcbec1,0.25,0.0,15000.0,false
gcrfin,0.25,0.0,15000.0,false
grcwoo1,0.25,0.0,15000.0,false
gycyel,0.25,0.0,15000.0,false
gyhchi,0.25,0.0,15000.0,false
gyhdov1,0.25,0.0,15000.0,false
gyttat1,0.25,0.0,15000.0,false
grtcha1,0.25,0.0,15000.0,false
grbhaw1,0.25,0.0,15000.0,false
gbbgul,0.25,0.0,15000.0,false
grbher3,0.25,0.0,15000.0,false
grecor,0.25,0.0,15000.0,false
grcfly,0.25,0.0,15000.0,false
grecur1,0.25,0.0,15000.0,false
greegr,0.25,0.0,15000.0,false
grgowl,0.25,0.0,15000.0,false
grhowl,0.25,0.0,15000.0,false
grekis,0.25,0.0,15000.0,false
grekno,0.25,0.0,15000.0,false
grelic1,0.25,0.0,15000.0,false
gresku1,0.25,0.0,15000.0,false
grswoo,0.25,0.0,15000.0,false
grtgra,0.25,0.0,15000.0,false
grabul1,0.25,0.0,15000.0,false
graela1,0.25,0.0,15000.0,false
gragra1,0.25,0.0,15000.0,false
grepew,0.25,0.0,15000.0,false
grpchi,0.25,0.0,15000.0,false
greroa,0.25,0.0,15000.0,false
saggro,0.25,0.0,15000.0,false
gresca,0.25,0.0,15000.0,false
gwfgoo,0.25,0.0,15000.0,false
greyel,0.25,0.0,15000.0,false
grnher,0.25,0.0,15000.0,false
grnjay,0.25,0.0,15000.0,false
grnkin,0.25,0.0,15000.0,false
grnpar,0.25,0.0,15000.0,false
grnsan,0.25,0.0,15000.0,false
grbspa1,0.25,0.0,15000.0,false
gsbfin1,0.25,0.0,15000.0,false
gnttow,0.25,0.0,15000.0,false
gnwtea,0.25,0.0,15000.0,false
greela,0.25,0.0,15000.0,false
grbani,0.25,0.0,15000.0,false
gubter1,0.25,0.0,15000.0,false
gyrfal,0.25,0.0,15000.0,false
haiwoo,0.25,0.0,15000.0,false
hamfly,0.25,0.0,15000.0,false
hapwre1,0.25,0.0,15000.0,false
harduc,0.25,0.0,15000.0,false
hrshaw,0.25,0.0,15000.0,false
harspa,0.25,0.0,15000.0,false
hawama,0.25,0.0,15000.0,false
hawcre,0.25,0.0,15000.0,false
elepai,0.25,0.0,15000.0,false
hawcoo,0.25,0.0,15000.0,false
hawduc,0.25,0.0,15000.0,false
hawgoo,0.25,0.0,15000.0,false
hawhaw,0.25,0.0,15000.0,false
heegul,0.25,0.0,15000.0,false
helgui,0.25,0.0,15000.0,false
norhar1,0.25,0.0,15000.0,false
henspa,0.25,0.0,15000.0,false
heptan,0.25,0.0,15000.0,false
herthr,0.25,0.0,15000.0,false
herwar,0.25,0.0,15000.0,false
hergul,0.25,0.0,15000.0,false
hislic1,0.25,0.0,15000.0,false
hispar1,0.25,0.0,15000.0,false
histro1,0.25,0.0,15000.0,false
hiswoo1,0.25,0.0,15000.0,false
hoared,0.25,0.0,15000.0,false
hoogro1,0.25,0.0,15000.0,false
hoomer,0.25,0.0,15000.0,false
hooori,0.25,0.0,15000.0,false
hoowar,0.25,0.0,15000.0,false
hooyel1,0.25,0.0,15000.0,false
hobkit,0.25,0.0,15000.0,false
horgre,0.25,0.0,15000.0,false
horlar,0.25,0.0,15000.0,false
houfin,0.25,0.0,15000.0,false
houspa,0.25,0.0,15000.0,false
houwre,0.25,0.0,15000.0,false
hudgod,0.25,0.0,15000.0,false
hutvir,0.25,0.0,15000.0,false
y00478,0.25,0.0,15000.0,false
iiwi,0.25,0.0,15000.0,false
incdov,0.25,0.0,15000.0,false
indbun,0.25,0.0,15000.0,false
ivbwoo1,0.25,0.0,15000.0,false
jabwar,0.25,0.0,15000.0,false
javspa,0.25,0.0,15000.0,false
juntit1,0.25,0.0,15000.0,false
kalphe,0.25,0.0,15000.0,false
elepai5,0.25,0.0,15000.0,false
kebtou1,0.25,0.0,15000.0,false
kenwar,0.25,0.0,15000.0,false
kwqdov,0.25,0.0,15000.0,false
killde,0.25,0.0,15000.0,false
kineid,0.25,0.0,15000.0,false
kinrai4,0.25,0.0,15000.0,false
lasfly,0.25,0.0,15000.0,false
lasthr1,0.25,0.0,15000.0,false
labwoo,0.25,0.0,15000.0,false
lanwar,0.25,0.0,15000.0,false
laplon,0.25,0.0,15000.0,false
larbun,0.25,0.0,15000.0,false
larspa,0.25,0.0,15000.0,false
laufal1,0.25,0.0,15000.0,false
laugul,0.25,0.0,15000.0,false
lawgol,0.25,0.0,15000.0,false
layalb,0.25,0.0,15000.0,false
lazbun,0.25,0.0,15000.0,false
lecspa,0.25,0.0,15000.0,false
lecthr,0.25,0.0,15000.0,false
lcspet,0.25,0.0,15000.0,false
leaauk,0.25,0.0,15000.0,false
leabit,0.25,0.0,15000.0,false
leafly,0.25,0.0,15000.0,false
leagre,0.25,0.0,15000.0,false
leasan,0.25,0.0,15000.0,false
leater1,0.25,0.0,15000.0,false
lbbgul,0.25,0.0,15000.0,false
lesgol,0.25,0.0,15000.0,false
lesgre1,0.25,0.0,15000.0,false
legcuc1,0.25,0.0,15000.0,false
lesnig,0.25,0.0,15000.0,false
lesroa1,0.25,0.0,15000.0,false
lesplo,0.25,0.0,15000.0,false
lessca,0.25,0.0,15000.0,false
leswoo1,0.25,0.0,15000.0,false
lwfgoo,0.25,0.0,15000.0,false
lesyel,0.25,0.0,15000.0,false
bucmot2,0.25,0.0,15000.0,false
lewwoo,0.25,0.0,15000.0,false
licpar,0.25,0.0,15000.0,false
limpki,0.25,0.0,15000.0,false
linspa,0.25,0.0,15000.0,false
linwoo1,0.25,0.0,15000.0,false
libher,0.25,0.0,15000.0,false
litbun,0.25,0.0,15000.0,false
litgul,0.25,0.0,15000.0,false
litsti,0.25,0.0,15000.0,false
logkin,0.25,0.0,15000.0,false
logshr,0.25,0.0,15000.0,false
lobcur,0.25,0.0,15000.0,false
lobdow,0.25,0.0,15000.0,false
lobthr,0.25,0.0,15000.0,false
loeowl,0.25,0.0,15000.0,false
lotduc,0.25,0.0,15000.0,false
lotjae,0.25,0.0,15000.0,false
lotsti,0.25,0.0,15000.0,false
louwat,0.25,0.0,15000.0,false
luchum,0.25,0.0,15000.0,false
lucwar,0.25,0.0,15000.0,false
macwar,0.25,0.0,15000.0,false
magfri,0.25,0.0,15000.0,false
magwar,0.25,0.0,15000.0,false
mallar3,0.25,0.0,15000.0,false
mancuc,0.25,0.0,15000.0,false
manswa1,0.25,0.0,15000.0,false
manvir1,0.25,0.0,15000.0,false
manshe,0.25,0.0,15000.0,false
margod,0.25,0.0,15000.0,false
marmur,0.25,0.0,15000.0,false
mafpar1,0.25,0.0,15000.0,false
marwre,0.25,0.0,15000.0,false
masboo,0.25,0.0,15000.0,false
mastit1,0.25,0.0,15000.0,false
mckbun,0.25,0.0,15000.0,false
meapip1,0.25,0.0,15000.0,false
melbla1,0.25,0.0,15000.0,false
merlin,0.25,0.0,15000.0,false
mexchi,0.25,0.0,15000.0,false
mexduc,0.25,0.0,15000.0,false
mexjay4,0.25,0.0,15000.0,false
mexpar1,0.25,0.0,15000.0,false
grnvie1,0.25,0.0,15000.0,false
souwpw1,0.25,0.0,15000.0,false
vesowl,0.25,0.0,15000.0,false
milmac,0.25,0.0,15000.0,false
miskit,0.25,0.0,15000.0,false
monpar,0.25,0.0,15000.0,false
monoro1,0.25,0.0,15000.0,false
monqua,0.25,0.0,15000.0,false
whcsee1,0.25,0.0,15000.0,false
motduc,0.25,0.0,15000.0,false
motowl,0.25,0.0,15000.0,false
motpet,0.25,0.0,15000.0,false
moublu,0.25,0.0,15000.0,false
mouchi,0.25,0.0,15000.0,false
mouplo,0.25,0.0,15000.0,false
moutro1,0.25,0.0,15000.0,false
moudov,0.25,0.0,15000.0,false
mouwar,0.25,0.0,15000.0,false
musduc,0.25,0.0,15000.0,false
mutswa,0.25,0.0,15000.0,false
nabtod1,0.25,0.0,15000.0,false
naswar,0.25,0.0,15000.0,false
dusthr1,0.25,0.0,15000.0,false
nstspa,0.25,0.0,15000.0,false
neocor,0.25,0.0,15000.0,false
nobtyr,0.25,0.0,15000.0,false
norben1,0.25,0.0,15000.0,false
norbob,0.25,0.0,15000.0,false
norcar,0.25,0.0,15000.0,false
norfli,0.25,0.0,15000.0,false
norful,0.25,0.0,15000.0,false
norgan,0.25,0.0,15000.0,false
norgos,0.25,0.0,15000.0,false
norhar2,0.25,0.0,15000.0,false
nohowl,0.25,0.0,15000.0,false
norjac,0.25,0.0,15000.0,false
norlap,0.25,0.0,15000.0,false
normoc,0.25,0.0,15000.0,false
norpar,0.25,0.0,15000.0,false
norpin,0.25,0.0,15000.0,false
norpot1,0.25,0.0,15000.0,false
nopowl,0.25,0.0,15000.0,false
nrwswa,0.25,0.0,15000.0,false
nswowl,0.25,0.0,15000.0,false
norsho,0.25,0.0,15000.0,false
norshr4,0.25,0.0,15000.0,false
norwat,0.25,0.0,15000.0,false
norwhe,0.25,0.0,15000.0,false
nutwoo,0.25,0.0,15000.0,false
nutfly,0.25,0.0,15000.0,false
oaktit,0.25,0.0,15000.0,false
oliwoo1,0.25,0.0,15000.0,false
olispa,0.25,0.0,15000.0,false
oliwar,0.25,0.0,15000.0,false
olbpip,0.25,0.0,15000.0,false
olcwar1,0.25,0.0,15000.0,false
olsfly,0.25,0.0,15000.0,false
oltpar1,0.25,0.0,15000.0,false
omao,0.25,0.0,15000.0,false
oraori1,0.25,0.0,15000.0,false
obnthr1,0.25,0.0,15000.0,false
orbbun1,0.25,0.0,15000.0,false
orcwar,0.25,0.0,15000.0,false
orfpar,0.25,0.0,15000.0,false
orcori,0.25,0.0,15000.0,false
oricuc2,0.25,0.0,15000.0,false
oriwar1,0.25,0.0,15000.0,false
orheag1,0.25,0.0,15000.0,false
osprey,0.25,0.0,15000.0,false
ovenbi1,0.25,0.0,15000.0,false
pagplo,0.25,0.0,15000.0,false
pacloo,0.25,0.0,15000.0,false
pacwre1,0.25,0.0,15000.0,false
pasfly,0.25,0.0,15000.0,false
paibun,0.25,0.0,15000.0,false
paired,0.25,0.0,15000.0,false
pabwoo1,0.25,0.0,15000.0,false
palbun,0.25,0.0,15000.0,false
palcro2,0.25,0.0,15000.0,false
palwar,0.25,0.0,15000.0,false
palmch1,0.25,0.0,15000.0,false
parjae,0.25,0.0,15000.0,false
peethr1,0.25,0.0,15000.0,false
pecpip,0.25,0.0,15000.0,false
pecsan,0.25,0.0,15000.0,false
perfal,0.25,0.0,15000.0,false
phaino,0.25,0.0,15000.0,false
phivir,0.25,0.0,15000.0,false
pibgre,0.25,0.0,15000.0,false
piggui,0.25,0.0,15000.0,false
pilwoo,0.25,0.0,15000.0,false
pitsni,0.25,0.0,15000.0,false
pinfly1,0.25,0.0,15000.0,false
pingro,0.25,0.0,15000.0,false
pinsis,0.25,0.0,15000.0,false
pinwar,0.25,0.0,15000.0,false
pifgoo,0.25,0.0,15000.0,false
pifshe,0.25,0.0,15000.0,false
pinjay,0.25,0.0,15000.0,false
pipplo,0.25,0.0,15000.0,false
placha,0.25,0.0,15000.0,false
plcsta,0.25,0.0,15000.0,false
plsvir,0.25,0.0,15000.0,false
pomjae,0.25,0.0,15000.0,false
prafal,0.25,0.0,15000.0,false
prawar,0.25,0.0,15000.0,false
prowar,0.25,0.0,15000.0,false
purfin,0.25,0.0,15000.0,false
purgal2,0.25,0.0,15000.0,false
purmar,0.25,0.0,15000.0,false
pursan,0.25,0.0,15000.0,false
pubjay1,0.25,0.0,15000.0,false
pygnut,0.25,0.0,15000.0,false
pyrrhu,0.25,0.0,15000.0,false
razorb,0.25,0.0,15000.0,false
redava,0.25,0.0,15000.0,false
redcro,0.25,0.0,15000.0,false
redjun,0.25,0.0,15000.0,false
redkno,0.25,0.0,15000.0,false
redpha1,0.25,0.0,15000.0,false
redwar1,0.25,0.0,15000.0,false
rebwoo,0.25,0.0,15000.0,false
reblei,0.25,0.0,15000.0,false
rebpig1,0.25,0.0,15000.0,false
rebtro,0.25,0.0,15000.0,false
rebcha1,0.25,0.0,15000.0,false
rebmer,0.25,0.0,15000.0,false
rebnut,0.25,0.0,15000.0,false
rebsap,0.25,0.0,15000.0,false
reccar,0.25,0.0,15000.0,false
rcatan1,0.25,0.0,15000.0,false
recpar,0.25,0.0,15000.0,false
reevir1,0.25,0.0,15000.0,false
refwar,0.25,0.0,15000.0,false
refboo,0.25,0.0,15000.0,false
rehtan1,0.25,0.0,15000.0,false
rehwoo,0.25,0.0,15000.0,false
relhon1,0.25,0.0,15000.0,false
relthr1,0.25,0.0,15000.0,false
relpar,0.25,0.0,15000.0,false
rensap,0.25,0.0,15000.0,false
rengre,0.25,0.0,15000.0,false
renpha,0.25,0.0,15000.0,false
rensti,0.25,0.0,15000.0,false
reshaw,0.25,0.0,15000.0,false
rethaw,0.25,0.0,15000.0,false
rtatan1,0.25,0.0,15000.0,false
retloo,0.25,0.0,15000.0,false
retpip,0.25,0.0,15000.0,false
rewbla,0.25,0.0,15000.0,false
redegr,0.25,0.0,15000.0,false
redhea,0.25,0.0,15000.0,false
redwin,0.25,0.0,15000.0,false
ridhaw1,0.25,0.0,15000.0,false
ridrai1,0.25,0.0,15000.0,false
ribgul,0.25,0.0,15000.0,false
rinduc,0.25,0.0,15000.0,false
rinphe,0.25,0.0,15000.0,false
rinkin1,0.25,0.0,15000.0,false
maghum1,0.25,0.0,15000.0,false
roahaw,0.25,0.0,15000.0,false
rocpig,0.25,0.0,15000.0,false
rocpta1,0.25,0.0,15000.0,false
rocsan,0.25,0.0,15000.0,false
rocwre,0.25,0.0,15000.0,false
robgro,0.25,0.0,15000.0,false
rorpar,0.25,0.0,15000.0,false
rotbec,0.25,0.0,15000.0,false
rottan1,0.25,0.0,15000.0,false
rosspo1,0.25,0.0,15000.0,false
roster,0.25,0.0,15000.0,false
rosgoo,0.25,0.0,15000.0,false
rosgul,0.25,0.0,15000.0,false
rottan2,0.25,0.0,15000.0,false
rolhaw,0.25,0.0,15000.0,false
royter1,0.25,0.0,15000.0,false
ruckin,0.25,0.0,15000.0,false
rthhum,0.25,0.0,15000.0,false
rudcra1,0.25,0.0,15000.0,false
rudduc,0.25,0.0,15000.0,false
rugdov,0.25,0.0,15000.0,false
ruqdov,0.25,0.0,15000.0,false
rudtur,0.25,0.0,15000.0,false
ruff,0.25,0.0,15000.0,false
rufgro,0.25,0.0,15000.0,false
rufhum,0.25,0.0,15000.0,false
rubrob,0.25,0.0,15000.0,false
rubcha1,0.25,0.0,15000.0,false
rubspi2,0.25,0.0,15000.0,false
rubpep1,0.25,0.0,15000.0,false
rcbfin1,0.25,0.0,15000.0,false
rucwar,0.25,0.0,15000.0,false
rucspa,0.25,0.0,15000.0,false
rnwrai1,0.25,0.0,15000.0,false
rtlhum,0.25,0.0,15000.0,false
rutsol1,0.25,0.0,15000.0,false
ruwspa,0.25,0.0,15000.0,false
runthr1,0.25,0.0,15000.0,false
rucmot1,0.25,0.0,15000.0,false
runwor1,0.25,0.0,15000.0,false
rusbun,0.25,0.0,15000.0,false
rusbla,0.25,0.0,15000.0,false
russpa1,0.25,0.0,15000.0,false
rcgspa1,0.25,0.0,15000.0,false
sabgul,0.25,0.0,15000.0,false
saffin,0.25,0.0,15000.0,false
sagthr,0.25,0.0,15000.0,false
sagspa1,0.25,0.0,15000.0,false
sabjay,0.25,0.0,15000.0,false
sander,0.25,0.0,15000.0,false
sancra,0.25,0.0,15000.0,false
santer1,0.25,0.0,15000.0,false
savspa,0.25,0.0,15000.0,false
saypho,0.25,0.0,15000.0,false
scaqua,0.25,0.0,15000.0,false
nutman,0.25,0.0,15000.0,false
scnpig1,0.25,0.0,15000.0,false
scatan,0.25,0.0,15000.0,false
sctfly,0.25,0.0,15000.0,false
scoori,0.25,0.0,15000.0,false
screup1,0.25,0.0,15000.0,false
sedwre1,0.25,0.0,15000.0,false
semplo,0.25,0.0,15000.0,false
semsan,0.25,0.0,15000.0,false
shshaw,0.25,0.0,15000.0,false
shtgro,0.25,0.0,15000.0,false
shtsan,0.25,0.0,15000.0,false
shicow,0.25,0.0,15000.0,false
shbdow,0.25,0.0,15000.0,false
mewgul2,0.25,0.0,15000.0,false
sheowl,0.25,0.0,15000.0,false
shthaw,0.25,0.0,15000.0,false
shtshe,0.25,0.0,15000.0,false
sibacc,0.25,0.0,15000.0,false
sibcra1,0.25,0.0,15000.0,false
sibjay1,0.25,0.0,15000.0,false
sibrub,0.25,0.0,15000.0,false
sibsto1,0.25,0.0,15000.0,false
simspa1,0.25,0.0,15000.0,false
sincro1,0.25,0.0,15000.0,false
sinwre1,0.25,0.0,15000.0,false
sinqua1,0.25,0.0,15000.0,false
sltred,0.25,0.0,15000.0,false
slbgul,0.25,0.0,15000.0,false
smew,0.25,0.0,15000.0,false
smilon,0.25,0.0,15000.0,false
smbwoo1,0.25,0.0,15000.0,false
smbani,0.25,0.0,15000.0,false
snakit,0.25,0.0,15000.0,false
snobun,0.25,0.0,15000.0,false
snogoo,0.25,0.0,15000.0,false
snoegr,0.25,0.0,15000.0,false
snoowl1,0.25,0.0,15000.0,false
snoplo5,0.25,0.0,15000.0,false
socfly1,0.25,0.0,15000.0,false
solsan,0.25,0.0,15000.0,false
sonspa,0.25,0.0,15000.0,false
soogro1,0.25,0.0,15000.0,false
sooshe,0.25,0.0,15000.0,false
sooter1,0.25,0.0,15000.0,false
sora,0.25,0.0,15000.0,false
sopsku1,0.25,0.0,15000.0,false
spbsan1,0.25,0.0,15000.0,false
spbwre1,0.25,0.0,15000.0,false
spcwoo1,0.25,0.0,15000.0,false
spodov,0.25,0.0,15000.0,false
spoowl,0.25,0.0,15000.0,false
sporai,0.25,0.0,15000.0,false
spored,0.25,0.0,15000.0,false
sposan,0.25,0.0,15000.0,false
spotow,0.25,0.0,15000.0,false
spowre1,0.25,0.0,15000.0,false
sprpip,0.25,0.0,15000.0,false
sprgro,0.25,0.0,15000.0,false
squcuc1,0.25,0.0,15000.0,false
stejay,0.25,0.0,15000.0,false
stseag,0.25,0.0,15000.0,false
stisan,0.25,0.0,15000.0,false
stofly1,0.25,0.0,15000.0,false
stbori,0.25,0.0,15000.0,false
sthspa1,0.25,0.0,15000.0,false
strspa1,0.25,0.0,15000.0,false
styowl1,0.25,0.0,15000.0,false
subfly,0.25,0.0,15000.0,false
sumtan,0.25,0.0,15000.0,false
sursco,0.25,0.0,15000.0,false
surfbi,0.25,0.0,15000.0,false
swahaw,0.25,0.0,15000.0,false
swathr,0.25,0.0,15000.0,false
swawar,0.25,0.0,15000.0,false
swtkit,0.25,0.0,15000.0,false
swaspa,0.25,0.0,15000.0,false
taibeg1,0.25,0.0,15000.0,false
taifly1,0.25,0.0,15000.0,false
tamcro,0.25,0.0,15000.0,false
tapowl1,0.25,0.0,15000.0,false
tacnig1,0.25,0.0,15000.0,false
temsti,0.25,0.0,15000.0,false
tenwar,0.25,0.0,15000.0,false
tersan,0.25,0.0,15000.0,false
thbkin,0.25,0.0,15000.0,false
mcclon,0.25,0.0,15000.0,false
thbmur,0.25,0.0,15000.0,false
thbpar,0.25,0.0,15000.0,false
thbvir,0.25,0.0,15000.0,false
thitin1,0.25,0.0,15000.0,false
towsol,0.25,0.0,15000.0,false
towwar,0.25,0.0,15000.0,false
treswa,0.25,0.0,15000.0,false
triher,0.25,0.0,15000.0,false
trimun,0.25,0.0,15000.0,false
trokin,0.25,0.0,15000.0,false
tromoc,0.25,0.0,15000.0,false
tropar,0.25,0.0,15000.0,false
tropew1,0.25,0.0,15000.0,false
truswa,0.25,0.0,15000.0,false
tufduc,0.25,0.0,15000.0,false
tuffly,0.25,0.0,15000.0,false
tufjay1,0.25,0.0,15000.0,false
tuftit,0.25,0.0,15000.0,false
tunbeg1,0.25,0.0,15000.0,false
tunswa,0.25,0.0,15000.0,false
turvul,0.25,0.0,15000.0,false
tubmot1,0.25,0.0,15000.0,false
uplsan,0.25,0.0,15000.0,false
varbun,0.25,0.0,15000.0,false
varthr,0.25,0.0,15000.0,false
vauswi,0.25,0.0,15000.0,false
veery,0.25,0.0,15000.0,false
verdin,0.25,0.0,15000.0,false
verfly,0.25,0.0,15000.0,false
verhum1,0.25,0.0,15000.0,false
vesspa,0.25,0.0,15000.0,false
vilwea1,0.25,0.0,15000.0,false
vichum,0.25,0.0,15000.0,false
vigswa,0.25,0.0,15000.0,false
virrai,0.25,0.0,15000.0,false
virwar,0.25,0.0,15000.0,false
wantat1,0.25,0.0,15000.0,false
warvir,0.25,0.0,15000.0,false
warwhe1,0.25,0.0,15000.0,false
wetsab1,0.25,0.0,15000.0,false
wetshe,0.25,0.0,15000.0,false
weiwoo1,0.25,0.0,15000.0,false
wemcha1,0.25,0.0,15000.0,false
wesblu,0.25,0.0,15000.0,false
wectan1,0.25,0.0,15000.0,false
wesgre,0.25,0.0,15000.0,false
wesgul,0.25,0.0,15000.0,false
weskin,0.25,0.0,15000.0,false
wesmea,0.25,0.0,15000.0,false
wessan,0.25,0.0,15000.0,false
wesowl1,0.25,0.0,15000.0,false
wesspi,0.25,0.0,15000.0,false
westan,0.25,0.0,15000.0,false
wewpew,0.25,0.0,15000.0,false
whimbr,0.25,0.0,15000.0,false
whiauk,0.25,0.0,15000.0,false
whsowl1,0.25,0.0,15000.0,false
whiibi,0.25,0.0,15000.0,false
whiwag,0.25,0.0,15000.0,false
whbeme1,0.25,0.0,15000.0,false
whbwre1,0.25,0.0,15000.0,false
whbnut,0.25,0.0,15000.0,false
wbwwre1,0.25,0.0,15000.0,false
trogna2,0.25,0.0,15000.0,false
whcswi,0.25,0.0,15000.0,false
whcpar,0.25,0.0,15000.0,false
whcpig2,0.25,0.0,15000.0,false
whcspa,0.25,0.0,15000.0,false
whehum,0.25,0.0,15000.0,false
whevir,0.25,0.0,15000.0,false
whfibi,0.25,0.0,15000.0,false
whfpar1,0.25,0.0,15000.0,false
whncro1,0.25,0.0,15000.0,false
whrsan,0.25,0.0,15000.0,false
whrsha,0.25,0.0,15000.0,false
whswoo1,0.25,0.0,15000.0,false
whteag,0.25,0.0,15000.0,false
whthaw,0.25,0.0,15000.0,false
whtkit,0.25,0.0,15000.0,false
whtpta1,0.25,0.0,15000.0,false
whttro,0.25,0.0,15000.0,false
whtfly1,0.25,0.0,15000.0,false
whtspa,0.25,0.0,15000.0,false
whtswi,0.25,0.0,15000.0,false
whtrob1,0.25,0.0,15000.0,false
whtdov,0.25,0.0,15000.0,false
whwcro,0.25,0.0,15000.0,false
whwdov,0.25,0.0,15000.0,false
whwtan1,0.25,0.0,15000.0,false
whoswa,0.25,0.0,15000.0,false
whocra,0.25,0.0,15000.0,false
wiltur,0.25,0.0,15000.0,false
willet1,0.25,0.0,15000.0,false
wilsap,0.25,0.0,15000.0,false
wilfly,0.25,0.0,15000.0,false
wilpta,0.25,0.0,15000.0,false
wiltit1,0.25,0.0,15000.0,false
wlwwar,0.25,0.0,15000.0,false
wilpha,0.25,0.0,15000.0,false
wilplo,0.25,0.0,15000.0,false
wilsni1,0.25,0.0,15000.0,false
wlswar,0.25,0.0,15000.0,false
winwre3,0.25,0.0,15000.0,false
wooduc,0.25,0.0,15000.0,false
woosan,0.25,0.0,15000.0,false
woosto,0.25,0.0,15000.0,false
woothr,0.25,0.0,15000.0,false
wooscj2,0.25,0.0,15000.0,false
woewar1,0.25,0.0,15000.0,false
worspa,0.25,0.0,15000.0,false
wrenti,0.25,0.0,15000.0,false
yelgro,0.25,0.0,15000.0,false
yelrai,0.25,0.0,15000.0,false
yelwar,0.25,0.0,15000.0,false
yebori1,0.25,0.0,15000.0,false
yebela1,0.25,0.0,15000.0,false
yebfly,0.25,0.0,15000.0,false
yebsap,0.25,0.0,15000.0,false
yebcac1,0.25,0.0,15000.0,false
yebcar,0.25,0.0,15000.0,false
yebcuc,0.25,0.0,15000.0,false
yebloo,0.25,0.0,15000.0,false
yebbun,0.25,0.0,15000.0,false
yebcha,0.25,0.0,15000.0,false
yebcra1,0.25,0.0,15000.0,false
yebwar3,0.25,0.0,15000.0,false
ycnher,0.25,0.0,15000.0,false
yeejun,0.25,0.0,15000.0,false
yefgra1,0.25,0.0,15000.0,false
yefgul,0.25,0.0,15000.0,false
yefcan,0.25,0.0,15000.0,false
yegvir,0.25,0.0,15000.0,false
yehbla,0.25,0.0,15000.0,false
yehpar,0.25,0.0,15000.0,false
yehwar1,0.25,0.0,15000.0,false
yelpar1,0.25,0.0,15000.0,false
yeofly1,0.25,0.0,15000.0,false
yerwar,0.25,0.0,15000.0,false
yetori1,0.25,0.0,15000.0,false
yeteup1,0.25,0.0,15000.0,false
yetvir,0.25,0.0,15000.0,false
yetwar,0.25,0.0,15000.0,false
yewcac1,0.25,0.0,15000.0,false
yewtan1,0.25,0.0,15000.0,false
yucfly1,0.25,0.0,15000.0,false
yucjay1,0.25,0.0,15000.0,false
yucvir,0.25,0.0,15000.0,false
yucwoo,0.25,0.0,15000.0,false
yucwre1,0.25,0.0,15000.0,false
zapspa1,0.25,0.0,15000.0,false
zapwre1,0.25,0.0,15000.0,false
zebdov,0.25,0.0,15000.0,false
zendov,0.25,0.0,15000.0,false
zothaw,0.25,0.0,15000.0,false
