abbbab1,0.25,0.0,15000.0,false
abbwar1,0.25,0.0,15000.0,false
aleter1,0.25,0.0,15000.0,false
alepar2,0.25,0.0,15000.0,false
pltwar1,0.25,0.0,15000.0,false
sbcdov1,0.25,0.0,15000.0,false
amedov1,0.25,0.0,15000.0,false
amufal1,0.25,0.0,15000.0,false
amupaf1,0.25,0.0,15000.0,false
stonec7,0.25,0.0,15000.0,false
apostl1,0.25,0.0,15000.0,false
arafan1,0.25,0.0,15000.0,false
rufsht2,0.25,0.0,15000.0,false
arcwar1,0.25,0.0,15000.0,false
ashbul1,0.25,0.0,15000.0,false
ashdro1,0.25,0.0,15000.0,false
ashmin1,0.25,0.0,15000.0,false
ashpri1,0.25,0.0,15000.0,false
gyhrob1,0.25,0.0,15000.0,false
ashtai1,0.25,0.0,15000.0,false
ashwoo1,0.25,0.0,15000.0,false
ashwoo2,0.25,0.0,15000.0,false
asbwhe1,0.25,0.0,15000.0,false
ascspl1,0.25,0.0,15000.0,false
pomgrp5,0.25,0.0,15000.0,false
astwar2,0.25,0.0,15000.0,false
asbowl1,0.25,0.0,15000.0,false
asbfly,0.25,0.0,15000.0,false
asidow1,0.25,0.0,15000.0,false
asecuc1,0.25,0.0,15000.0,false
emedov2,0.25,0.0,15000.0,false
asfblu1,0.25,0.0,15000.0,false
asgsta1,0.25,0.0,15000.0,false
asgwea2,0.25,0.0,15000.0,false
ashmar1,0.25,0.0,15000.0,false
asikoe2,0.25,0.0,15000.0,false
asiope1,0.25,0.0,15000.0,false
aspswi1,0.25,0.0,15000.0,false
aspsta2,0.25,0.0,15000.0,false
asistu1,0.25,0.0,15000.0,false
asslau1,0.25,0.0,15000.0,false
ausbus2,0.25,0.0,15000.0,false
darter4,0.25,0.0,15000.0,false
ausfig1,0.25,0.0,15000.0,false
ausgre1,0.25,0.0,15000.0,false
auspip1,0.25,0.0,15000.0,false
purswa6,0.25,0.0,15000.0,false
ausbrt1,0.25,0.0,15000.0,false
ausibi1,0.25,0.0,15000.0,false
soulog1,0.25,0.0,15000.0,false
ausmag2,0.25,0.0,15000.0,false
aumowl1,0.25,0.0,15000.0,false
auonig1,0.25,0.0,15000.0,false
auspel1,0.25,0.0,15000.0,false
ausrav1,0.25,0.0,15000.0,false
aurwar1,0.25,0.0,15000.0,false
polpar1,0.25,0.0,15000.0,false
ayweye3,0.25,0.0,15000.0,false
azukin1,0.25,0.0,15000.0,false
azbpit1,0.25,0.0,15000.0,false
azrpar1,0.25,0.0,15000.0,false
azwmag2,0.25,0.0,15000.0,false
spobuw1,0.25,0.0,15000.0,false
baicra1,0.25,0.0,15000.0,false
balica1,0.25,0.0,15000.0,false
bamwoo1,0.25,0.0,15000.0,false
babcuc2,0.25,0.0,15000.0,false
banbro1,0.25,0.0,15000.0,false
bankin1,0.25,0.0,15000.0,false
banlap1,0.25,0.0,15000.0,false
banwoo2,0.25,0.0,15000.0,false
banswa,0.25,0.0,15000.0,false
babpar1,0.25,0.0,15000.0,false
babcus1,0.25,0.0,15000.0,false
babpit1,0.25,0.0,15000.0,false
bahgoo,0.25,0.0,15000.0,false
basdov1,0.25,0.0,15000.0,false
batgod,0.25,0.0,15000.0,false
battre1,0.25,0.0,15000.0,false
bwfshr1,0.25,0.0,15000.0,false
bawpri1,0.25,0.0,15000.0,false
batwhi1,0.25,0.0,15000.0,false
barowl1,0.25,0.0,15000.0,false
brnowl,0.25,0.0,15000.0,false
barswa,0.25,0.0,15000.0,false
barbut1,0.25,0.0,15000.0,false
bacdov1,0.25,0.0,15000.0,false
yeecus1,0.25,0.0,15000.0,false
baeowl1,0.25,0.0,15000.0,false
barrai1,0.25,0.0,15000.0,false
bathaw1,0.25,0.0,15000.0,false
baycou1,0.25,0.0,15000.0,false
baywoo1,0.25,0.0,15000.0,false
babshr1,0.25,0.0,15000.0,false
baywea1,0.25,0.0,15000.0,false
beathk1,0.25,0.0,15000.0,false
belmel1,0.25,0.0,15000.0,false
benbus1,0.25,0.0,15000.0,false
besra1,0.25,0.0,15000.0,false
biawar1,0.25,0.0,15000.0,false
blabaz1,0.25,0.0,15000.0,false
blabit1,0.25,0.0,15000.0,false
blabul1,0.25,0.0,15000.0,false
blabut1,0.25,0.0,15000.0,false
bladro1,0.25,0.0,15000.0,false
blaeag1,0.25,0.0,15000.0,false
blafan1,0.25,0.0,15000.0,false
blahon1,0.25,0.0,15000.0,false
blahor1,0.25,0.0,15000.0,false
blakit1,0.25,0.0,15000.0,false
blamag1,0.25,0.0,15000.0,false
blknod,0.25,0.0,15000.0,false
blapit1,0.25,0.0,15000.0,false
blared1,0.25,0.0,15000.0,false
blasic1,0.25,0.0,15000.0,false
blasto1,0.25,0.0,15000.0,false
blksun1,0.25,0.0,15000.0,false
blkswa,0.25,0.0,15000.0,false
bltfan1,0.25,0.0,15000.0,false
bacori1,0.25,0.0,15000.0,false
barbro1,0.25,0.0,15000.0,false
bawbul2,0.25,0.0,15000.0,false
baybro1,0.25,0.0,15000.0,false
bkbbit1,0.25,0.0,15000.0,false
bkbkin1,0.25,0.0,15000.0,false
blbsib1,0.25,0.0,15000.0,false
bkbcus2,0.25,0.0,15000.0,false
bkbplo,0.25,0.0,15000.0,false
bkbkoe1,0.25,0.0,15000.0,false
blbsic1,0.25,0.0,15000.0,false
blbboa1,0.25,0.0,15000.0,false
blbthr2,0.25,0.0,15000.0,false
blbbar5,0.25,0.0,15000.0,false
bbrwar1,0.25,0.0,15000.0,false
bkbtit3,0.25,0.0,15000.0,false
blcbab1,0.25,0.0,15000.0,false
blckin1,0.25,0.0,15000.0,false
blclor1,0.25,0.0,15000.0,false
bkcwhe1,0.25,0.0,15000.0,false
blchon2,0.25,0.0,15000.0,false
bkcwhi1,0.25,0.0,15000.0,false
blcyuh1,0.25,0.0,15000.0,false
bkcsta1,0.25,0.0,15000.0,false
blcbul2,0.25,0.0,15000.0,false
bcnher,0.25,0.0,15000.0,false
bkhpit1,0.25,0.0,15000.0,false
bcweye2,0.25,0.0,15000.0,false
blecuc1,0.25,0.0,15000.0,false
besbab1,0.25,0.0,15000.0,false
blfbun1,0.25,0.0,15000.0,false
blfcou1,0.25,0.0,15000.0,false
bkfcus1,0.25,0.0,15000.0,false
blfmon1,0.25,0.0,15000.0,false
blfwar1,0.25,0.0,15000.0,false
blfwoo1,0.25,0.0,15000.0,false
blfdot1,0.25,0.0,15000.0,false
blhbul1,0.25,0.0,15000.0,false
bkhcus1,0.25,0.0,15000.0,false
bkhgul,0.25,0.0,15000.0,false
blhibi1,0.25,0.0,15000.0,false
bhsbab1,0.25,0.0,15000.0,false
blhsib1,0.25,0.0,15000.0,false
blhwoo1,0.25,0.0,15000.0,false
blhlau1,0.25,0.0,15000.0,false
blhori1,0.25,0.0,15000.0,false
bknfrd1,0.25,0.0,15000.0,false
blnmon1,0.25,0.0,15000.0,false
blnori1,0.25,0.0,15000.0,false
blnter1,0.25,0.0,15000.0,false
blnswi1,0.25,0.0,15000.0,false
bkrfla1,0.25,0.0,15000.0,false
blsrob2,0.25,0.0,15000.0,false
bksscb1,0.25,0.0,15000.0,false
bltcra1,0.25,0.0,15000.0,false
bktgod,0.25,0.0,15000.0,false
bktgul,0.25,0.0,15000.0,false
btnhen1,0.25,0.0,15000.0,false
bltfal1,0.25,0.0,15000.0,false
bltbab1,0.25,0.0,15000.0,false
blthon1,0.25,0.0,15000.0,false
bltlau1,0.25,0.0,15000.0,false
bltpar1,0.25,0.0,15000.0,false
hilpri1,0.25,0.0,15000.0,false
bltsun1,0.25,0.0,15000.0,false
datthr1,0.25,0.0,15000.0,false
blttit2,0.25,0.0,15000.0,false
btwbab1,0.25,0.0,15000.0,false
bkwcus1,0.25,0.0,15000.0,false
bwfshr2,0.25,0.0,15000.0,false
bkskit1,0.25,0.0,15000.0,false
blwmon1,0.25,0.0,15000.0,false
bkwsti,0.25,0.0,15000.0,false
blujeb1,0.25,0.0,15000.0,false
blupit1,0.25,0.0,15000.0,false
burthr,0.25,0.0,15000.0,false
blwthr1,0.25,0.0,15000.0,false
bawfly2,0.25,0.0,15000.0,false
blbpit1,0.25,0.0,15000.0,false
bbbeat1,0.25,0.0,15000.0,false
rebpit1,0.25,0.0,15000.0,false
blbqua1,0.25,0.0,15000.0,false
bucifr1,0.25,0.0,15000.0,false
bcrthr1,0.25,0.0,15000.0,false
bchpar1,0.25,0.0,15000.0,false
blebar1,0.25,0.0,15000.0,false
blekin1,0.25,0.0,15000.0,false
blfhon1,0.25,0.0,15000.0,false
blfpar3,0.25,0.0,15000.0,false
blffly1,0.25,0.0,15000.0,false
blfred1,0.25,0.0,15000.0,false
bugrob1,0.25,0.0,15000.0,false
blhfan1,0.25,0.0,15000.0,false
blhpit1,0.25,0.0,15000.0,false
blnpit1,0.25,0.0,15000.0,false
blrpar1,0.25,0.0,15000.0,false
blrpit1,0.25,0.0,15000.0,false
btbeat1,0.25,0.0,15000.0,false
bltbar2,0.25,0.0,15000.0,false
btbeat2,0.25,0.0,15000.0,false
butfly1,0.25,0.0,15000.0,false
blwkoo1,0.25,0.0,15000.0,false
blwlau1,0.25,0.0,15000.0,false
blwlea1,0.25,0.0,15000.0,false
blwmin1,0.25,0.0,15000.0,false
blwpit1,0.25,0.0,15000.0,false
blueth,0.25,0.0,15000.0,false
blwwar1,0.25,0.0,15000.0,false
javfro2,0.25,0.0,15000.0,false
blyhor1,0.25,0.0,15000.0,false
blylew1,0.25,0.0,15000.0,false
blypaf1,0.25,0.0,15000.0,false
blrwar1,0.25,0.0,15000.0,false
blyshb1,0.25,0.0,15000.0,false
bostib1,0.25,0.0,15000.0,false
booeag1,0.25,0.0,15000.0,false
boowar1,0.25,0.0,15000.0,false
banpit4,0.25,0.0,15000.0,false
borbar1,0.25,0.0,15000.0,false
bobfly2,0.25,0.0,15000.0,false
borbri1,0.25,0.0,15000.0,false
borgrm1,0.25,0.0,15000.0,false
bogcuc1,0.25,0.0,15000.0,false
borstu1,0.25,0.0,15000.0,false
bortre1,0.25,0.0,15000.0,false
borwhi1,0.25,0.0,15000.0,false
bowbab1,0.25,0.0,15000.0,false
brakit1,0.25,0.0,15000.0,false
brasta1,0.25,0.0,15000.0,false
briter1,0.25,0.0,15000.0,false
brbfly1,0.25,0.0,15000.0,false
brbsan,0.25,0.0,15000.0,false
brbwar1,0.25,0.0,15000.0,false
brolga1,0.25,0.0,15000.0,false
btpphe1,0.25,0.0,15000.0,false
brwjac1,0.25,0.0,15000.0,false
brodro1,0.25,0.0,15000.0,false
brnbar2,0.25,0.0,15000.0,false
brnhao1,0.25,0.0,15000.0,false
brnboo,0.25,0.0,15000.0,false
brobul1,0.25,0.0,15000.0,false
brbwar2,0.25,0.0,15000.0,false
brcdov1,0.25,0.0,15000.0,false
brodip1,0.25,0.0,15000.0,false
brofal1,0.25,0.0,15000.0,false
brfowl1,0.25,0.0,15000.0,false
broful1,0.25,0.0,15000.0,false
brogos1,0.25,0.0,15000.0,false
brohon1,0.25,0.0,15000.0,false
brnnod,0.25,0.0,15000.0,false
broori1,0.25,0.0,15000.0,false
bropri1,0.25,0.0,15000.0,false
broqua1,0.25,0.0,15000.0,false
brnshr,0.25,0.0,15000.0,false
brosic1,0.25,0.0,15000.0,false
broson1,0.25,0.0,15000.0,false
brtbab1,0.25,0.0,15000.0,false
brotre2,0.25,0.0,15000.0,false
brwowl1,0.25,0.0,15000.0,false
brbhon1,0.25,0.0,15000.0,false
brbnee1,0.25,0.0,15000.0,false
brbbul1,0.25,0.0,15000.0,false
brbfly2,0.25,0.0,15000.0,false
bnbkin1,0.25,0.0,15000.0,false
bncwoo3,0.25,0.0,15000.0,false
brcful1,0.25,0.0,15000.0,false
bncrai1,0.25,0.0,15000.0,false
brhbar1,0.25,0.0,15000.0,false
bnhgul1,0.25,0.0,15000.0,false
brhthr1,0.25,0.0,15000.0,false
brrmin1,0.25,0.0,15000.0,false
bnsfly1,0.25,0.0,15000.0,false
brtbar1,0.25,0.0,15000.0,false
pltsun2,0.25,0.0,15000.0,false
bnwkin1,0.25,0.0,15000.0,false
bfbwar1,0.25,0.0,15000.0,false
brucuc1,0.25,0.0,15000.0,false
budger,0.25,0.0,15000.0,false
bubrai1,0.25,0.0,15000.0,false
bubwar1,0.25,0.0,15000.0,false
bubbab1,0.25,0.0,15000.0,false
bubpak1,0.25,0.0,15000.0,false
bucbab1,0.25,0.0,15000.0,false
bunwoo1,0.25,0.0,15000.0,false
burwoo1,0.25,0.0,15000.0,false
butwar1,0.25,0.0,15000.0,false
buvbul1,0.25,0.0,15000.0,false
bufowl2,0.25,0.0,15000.0,false
bukwoo1,0.25,0.0,15000.0,false
bulpet,0.25,0.0,15000.0,false
burshr1,0.25,0.0,15000.0,false
butkne1,0.25,0.0,15000.0,false
buchor1,0.25,0.0,15000.0,false
camtai1,0.25,0.0,15000.0,false
carlor1,0.25,0.0,15000.0,false
caster1,0.25,0.0,15000.0,false
categr,0.25,0.0,15000.0,false
y00839,0.25,0.0,15000.0,false
chbcuc2,0.25,0.0,15000.0,false
chtwoo1,0.25,0.0,15000.0,false
chebul1,0.25,0.0,15000.0,false
chemun,0.25,0.0,15000.0,false
chetea1,0.25,0.0,15000.0,false
chethr1,0.25,0.0,15000.0,false
cbjbab1,0.25,0.0,15000.0,false
cbsbab1,0.25,0.0,15000.0,false
chbmal1,0.25,0.0,15000.0,false
chbnut3,0.25,0.0,15000.0,false
chbpar1,0.25,0.0,15000.0,false
cbrthr1,0.25,0.0,15000.0,false
chbcuc3,0.25,0.0,15000.0,false
chbmun1,0.25,0.0,15000.0,false
chcbab1,0.25,0.0,15000.0,false
chclau3,0.25,0.0,15000.0,false
chcsta1,0.25,0.0,15000.0,false
chcwar2,0.25,0.0,15000.0,false
chebun2,0.25,0.0,15000.0,false
cfweye1,0.25,0.0,15000.0,false
chbeat1,0.25,0.0,15000.0,false
chhtes1,0.25,0.0,15000.0,false
chhlau1,0.25,0.0,15000.0,false
chrbab1,0.25,0.0,15000.0,false
chtmin1,0.25,0.0,15000.0,false
chtsta2,0.25,0.0,15000.0,false
chvnut1,0.25,0.0,15000.0,false
chwbab1,0.25,0.0,15000.0,false
chwcuc1,0.25,0.0,15000.0,false
chhwrb1,0.25,0.0,15000.0,false
chibar1,0.25,0.0,15000.0,false
chibla1,0.25,0.0,15000.0,false
butfly2,0.25,0.0,15000.0,false
chiegr,0.25,0.0,15000.0,false
chifra1,0.25,0.0,15000.0,false
melthr,0.25,0.0,15000.0,false
chilew1,0.25,0.0,15000.0,false
chpher1,0.25,0.0,15000.0,false
chirub1,0.25,0.0,15000.0,false
grfhaw1,0.25,0.0,15000.0,false
chowch1,0.25,0.0,15000.0,false
chifri1,0.25,0.0,15000.0,false
cinbul1,0.25,0.0,15000.0,false
gretit2,0.25,0.0,15000.0,false
cinhao1,0.25,0.0,15000.0,false
cinbit1,0.25,0.0,15000.0,false
cibkin1,0.25,0.0,15000.0,false
cbipig2,0.25,0.0,15000.0,false
cihpig1,0.25,0.0,15000.0,false
cirtro1,0.25,0.0,15000.0,false
citcaf1,0.25,0.0,15000.0,false
citwag,0.25,0.0,15000.0,false
clrwar1,0.25,0.0,15000.0,false
cbfdov1,0.25,0.0,15000.0,false
clalew1,0.25,0.0,15000.0,false
clishb1,0.25,0.0,15000.0,false
cockat,0.25,0.0,15000.0,false
railor4,0.25,0.0,15000.0,false
coleto1,0.25,0.0,15000.0,false
colbab1,0.25,0.0,15000.0,false
colkin1,0.25,0.0,15000.0,false
colowl1,0.25,0.0,15000.0,false
cosowl1,0.25,0.0,15000.0,false
colspa1,0.25,0.0,15000.0,false
combab3,0.25,0.0,15000.0,false
combro1,0.25,0.0,15000.0,false
combuz1,0.25,0.0,15000.0,false
comchi1,0.25,0.0,15000.0,false
cicada1,0.25,0.0,15000.0,false
comcra,0.25,0.0,15000.0,false
comcuc,0.25,0.0,15000.0,false
comfla1,0.25,0.0,15000.0,false
gremag1,0.25,0.0,15000.0,false
comgre,0.25,0.0,15000.0,false
cohcuc1,0.25,0.0,15000.0,false
hilmyn,0.25,0.0,15000.0,false
cohmar1,0.25,0.0,15000.0,false
comior1,0.25,0.0,15000.0,false
comkin1,0.25,0.0,15000.0,false
commyn,0.25,0.0,15000.0,false
copkin1,0.25,0.0,15000.0,false
compoc,0.25,0.0,15000.0,false
comred1,0.25,0.0,15000.0,false
corplo,0.25,0.0,15000.0,false
comros,0.25,0.0,15000.0,false
comsan,0.25,0.0,15000.0,false
comshe,0.25,0.0,15000.0,false
comsni,0.25,0.0,15000.0,false
comtai1,0.25,0.0,15000.0,false
comter,0.25,0.0,15000.0,false
comwoo1,0.25,0.0,15000.0,false
cotsun2,0.25,0.0,15000.0,false
copbar1,0.25,0.0,15000.0,false
cbgcuc1,0.25,0.0,15000.0,false
cbsbab2,0.25,0.0,15000.0,false
copgoo1,0.25,0.0,15000.0,false
crtwhe1,0.25,0.0,15000.0,false
crvbul1,0.25,0.0,15000.0,false
crcbab1,0.25,0.0,15000.0,false
crebel1,0.25,0.0,15000.0,false
crebun1,0.25,0.0,15000.0,false
crefin1,0.25,0.0,15000.0,false
cregos1,0.25,0.0,15000.0,false
crekin1,0.25,0.0,15000.0,false
cremyn,0.25,0.0,15000.0,false
crepar1,0.25,0.0,15000.0,false
crepig1,0.25,0.0,15000.0,false
crseag1,0.25,0.0,15000.0,false
crstit1,0.25,0.0,15000.0,false
crejay1,0.25,0.0,15000.0,false
cretre1,0.25,0.0,15000.0,false
cricha1,0.25,0.0,15000.0,false
crifin1,0.25,0.0,15000.0,false
eacsun1,0.25,0.0,15000.0,false
crbwoo3,0.25,0.0,15000.0,false
crhpar1,0.25,0.0,15000.0,false
crwwoo1,0.25,0.0,15000.0,false
crbdro1,0.25,0.0,15000.0,false
cursan,0.25,0.0,15000.0,false
darwoo1,0.25,0.0,15000.0,false
larhac1,0.25,0.0,15000.0,false
dbipig1,0.25,0.0,15000.0,false
dantai1,0.25,0.0,15000.0,false
dasfly,0.25,0.0,15000.0,false
datori1,0.25,0.0,15000.0,false
daured1,0.25,0.0,15000.0,false
dausta1,0.25,0.0,15000.0,false
davlew1,0.25,0.0,15000.0,false
diatro1,0.25,0.0,15000.0,false
dimfan1,0.25,0.0,15000.0,false
dollar1,0.25,0.0,15000.0,false
dobfin1,0.25,0.0,15000.0,false
drawhi1,0.25,0.0,15000.0,false
dunlin,0.25,0.0,15000.0,false
dusbro1,0.25,0.0,15000.0,false
duscrm1,0.25,0.0,15000.0,false
dueowl1,0.25,0.0,15000.0,false
dusful1,0.25,0.0,15000.0,false
dusmoo1,0.25,0.0,15000.0,false
dusmyz1,0.25,0.0,15000.0,false
dusscr2,0.25,0.0,15000.0,false
dusthr2,0.25,0.0,15000.0,false
duswar,0.25,0.0,15000.0,false
combuz6,0.25,0.0,15000.0,false
eacwar1,0.25,0.0,15000.0,false
easmah1,0.25,0.0,15000.0,false
easspi1,0.25,0.0,15000.0,false
spbduc,0.25,0.0,15000.0,false
easwhi1,0.25,0.0,15000.0,false
eaywag,0.25,0.0,15000.0,false
eclpar,0.25,0.0,15000.0,false
elipig1,0.25,0.0,15000.0,false
elepit7,0.25,0.0,15000.0,false
eletit2,0.25,0.0,15000.0,false
empfai1,0.25,0.0,15000.0,false
eucdov,0.25,0.0,15000.0,false
eurcoo,0.25,0.0,15000.0,false
eurcur,0.25,0.0,15000.0,false
eurhob,0.25,0.0,15000.0,false
hoopoe,0.25,0.0,15000.0,false
eurjay1,0.25,0.0,15000.0,false
eurkes,0.25,0.0,15000.0,false
wemhar1,0.25,0.0,15000.0,false
commoo3,0.25,0.0,15000.0,false
eurspa1,0.25,0.0,15000.0,false
eurspo1,0.25,0.0,15000.0,false
eutspa,0.25,0.0,15000.0,false
eurwig,0.25,0.0,15000.0,false
eurwoo,0.25,0.0,15000.0,false
eurwry,0.25,0.0,15000.0,false
evweye1,0.25,0.0,15000.0,false
eyethr,0.25,0.0,15000.0,false
eywbab1,0.25,0.0,15000.0,false
faiger1,0.25,0.0,15000.0,false
faimar2,0.25,0.0,15000.0,false
fawbab1,0.25,0.0,15000.0,false
fatcuc1,0.25,0.0,15000.0,false
faecur,0.25,0.0,15000.0,false
fernwr1,0.25,0.0,15000.0,false
ferbab1,0.25,0.0,15000.0,false
ferduc,0.25,0.0,15000.0,false
ferfly1,0.25,0.0,15000.0,false
finbul1,0.25,0.0,15000.0,false
fippar1,0.25,0.0,15000.0,false
fibflo2,0.25,0.0,15000.0,false
fitsun1,0.25,0.0,15000.0,false
fitbar1,0.25,0.0,15000.0,false
flbsun2,0.25,0.0,15000.0,false
flfbar1,0.25,0.0,15000.0,false
flabul1,0.25,0.0,15000.0,false
flfshe,0.25,0.0,15000.0,false
flocro1,0.25,0.0,15000.0,false
fbtbab1,0.25,0.0,15000.0,false
forkin1,0.25,0.0,15000.0,false
forwag1,0.25,0.0,15000.0,false
fotsun1,0.25,0.0,15000.0,false
frbwoo1,0.25,0.0,15000.0,false
frifan1,0.25,0.0,15000.0,false
frimon1,0.25,0.0,15000.0,false
fuwduc,0.25,0.0,15000.0,false
fubwoo2,0.25,0.0,15000.0,false
fucjuf1,0.25,0.0,15000.0,false
gadwal,0.25,0.0,15000.0,false
galah,0.25,0.0,15000.0,false
gargan,0.25,0.0,15000.0,false
garpit1,0.25,0.0,15000.0,false
gepphe1,0.25,0.0,15000.0,false
gianut1,0.25,0.0,15000.0,false
giapit1,0.25,0.0,15000.0,false
gloibi,0.25,0.0,15000.0,false
gowbar2,0.25,0.0,15000.0,false
golbab1,0.25,0.0,15000.0,false
golbow1,0.25,0.0,15000.0,false
gobrob1,0.25,0.0,15000.0,false
golmon1,0.25,0.0,15000.0,false
golpar2,0.25,0.0,15000.0,false
gobger1,0.25,0.0,15000.0,false
gobful1,0.25,0.0,15000.0,false
goflea1,0.25,0.0,15000.0,false
gohcis1,0.25,0.0,15000.0,false
gonbar1,0.25,0.0,15000.0,false
gotbar2,0.25,0.0,15000.0,false
dwawhi1,0.25,0.0,15000.0,false
goufro1,0.25,0.0,15000.0,false
grybus1,0.25,0.0,15000.0,false
grybut1,0.25,0.0,15000.0,false
grycro1,0.25,0.0,15000.0,false
gryfan1,0.25,0.0,15000.0,false
gryfra,0.25,0.0,15000.0,false
grygos1,0.25,0.0,15000.0,false
graher1,0.25,0.0,15000.0,false
grynig1,0.25,0.0,15000.0,false
grypep2,0.25,0.0,15000.0,false
grysht1,0.25,0.0,15000.0,false
grysib1,0.25,0.0,15000.0,false
gretea1,0.25,0.0,15000.0,false
grytre1,0.25,0.0,15000.0,false
grywag,0.25,0.0,15000.0,false
grywhi2,0.25,0.0,15000.0,false
gabwoo3,0.25,0.0,15000.0,false
gybshr1,0.25,0.0,15000.0,false
gybtai1,0.25,0.0,15000.0,false
gybter1,0.25,0.0,15000.0,false
gybthr1,0.25,0.0,15000.0,false
placuc3,0.25,0.0,15000.0,false
gybtes1,0.25,0.0,15000.0,false
gybpri1,0.25,0.0,15000.0,false
gycwoo1,0.25,0.0,15000.0,false
gycbul2,0.25,0.0,15000.0,false
gyctib1,0.25,0.0,15000.0,false
gycwar2,0.25,0.0,15000.0,false
gycjuf1,0.25,0.0,15000.0,false
gycmin1,0.25,0.0,15000.0,false
gycbab1,0.25,0.0,15000.0,false
gycwar1,0.25,0.0,15000.0,false
gyebul1,0.25,0.0,15000.0,false
gyfbuz1,0.25,0.0,15000.0,false
gyftib1,0.25,0.0,15000.0,false
gyhbab1,0.25,0.0,15000.0,false
gyhbul2,0.25,0.0,15000.0,false
gyhcaf1,0.25,0.0,15000.0,false
gyhfie1,0.25,0.0,15000.0,false
gyhlap1,0.25,0.0,15000.0,false
gyhpar2,0.25,0.0,15000.0,false
gyhpar3,0.25,0.0,15000.0,false
gyhrob2,0.25,0.0,15000.0,false
purswa3,0.25,0.0,15000.0,false
gyfwoo1,0.25,0.0,15000.0,false
gyhwar2,0.25,0.0,15000.0,false
gyrtre1,0.25,0.0,15000.0,false
gysbuw1,0.25,0.0,15000.0,false
gysthr1,0.25,0.0,15000.0,false
gysfly1,0.25,0.0,15000.0,false
blbhon1,0.25,0.0,15000.0,false
gyttat1,0.25,0.0,15000.0,false
gytbab1,0.25,0.0,15000.0,false
gytmar1,0.25,0.0,15000.0,false
gywbla1,0.25,0.0,15000.0,false
gragoo,0.25,0.0,15000.0,false
grearg1,0.25,0.0,15000.0,false
grebar1,0.25,0.0,15000.0,false
grebit1,0.25,0.0,15000.0,false
grebow1,0.25,0.0,15000.0,false
grecor,0.25,0.0,15000.0,false
grcgre1,0.25,0.0,15000.0,false
grcter1,0.25,0.0,15000.0,false
grcdov2,0.25,0.0,15000.0,false
grenig1,0.25,0.0,15000.0,false
greegr,0.25,0.0,15000.0,false
grefri,0.25,0.0,15000.0,false
grehor1,0.25,0.0,15000.0,false
grekno,0.25,0.0,15000.0,false
whvmyn1,0.25,0.0,15000.0,false
grswoo1,0.25,0.0,15000.0,false
grswoo,0.25,0.0,15000.0,false
grtkne1,0.25,0.0,15000.0,false
grbher2,0.25,0.0,15000.0,false
grbcou1,0.25,0.0,15000.0,false
grecou1,0.25,0.0,15000.0,false
grefla1,0.25,0.0,15000.0,false
grglea1,0.25,0.0,15000.0,false
grsbop1,0.25,0.0,15000.0,false
gnlthr,0.25,0.0,15000.0,false
grpsni1,0.25,0.0,15000.0,false
grtdro1,0.25,0.0,15000.0,false
grsplo,0.25,0.0,15000.0,false
grseag1,0.25,0.0,15000.0,false
greyel1,0.25,0.0,15000.0,false
grbeat1,0.25,0.0,15000.0,false
grebro1,0.25,0.0,15000.0,false
grecoc1,0.25,0.0,15000.0,false
gripig1,0.25,0.0,15000.0,false
greior2,0.25,0.0,15000.0,false
grejun1,0.25,0.0,15000.0,false
greori1,0.25,0.0,15000.0,false
grnsan,0.25,0.0,15000.0,false
grsbab1,0.25,0.0,15000.0,false
narfly1,0.25,0.0,15000.0,false
gnbger1,0.25,0.0,15000.0,false
grbkin1,0.25,0.0,15000.0,false
gnbtai1,0.25,0.0,15000.0,false
grbtit1,0.25,0.0,15000.0,false
grbmal1,0.25,0.0,15000.0,false
grebar3,0.25,0.0,15000.0,false
grtsun1,0.25,0.0,15000.0,false
gnwtea,0.25,0.0,15000.0,false
grewar3,0.25,0.0,15000.0,false
guaiab1,0.25,0.0,15000.0,false
gubter1,0.25,0.0,15000.0,false
habfly1,0.25,0.0,15000.0,false
hacdro1,0.25,0.0,15000.0,false
habbul1,0.25,0.0,15000.0,false
halori1,0.25,0.0,15000.0,false
harlew1,0.25,0.0,15000.0,false
heswoo1,0.25,0.0,15000.0,false
helfri1,0.25,0.0,15000.0,false
helhor1,0.25,0.0,15000.0,false
norhar1,0.25,0.0,15000.0,false
hibfly1,0.25,0.0,15000.0,false
hilpar1,0.25,0.0,15000.0,false
hilpri2,0.25,0.0,15000.0,false
himblu1,0.25,0.0,15000.0,false
himcuc1,0.25,0.0,15000.0,false
cutia1,0.25,0.0,15000.0,false
himgri1,0.25,0.0,15000.0,false
himowl1,0.25,0.0,15000.0,false
strpri2,0.25,0.0,15000.0,false
whbsho4,0.25,0.0,15000.0,false
hodfro1,0.25,0.0,15000.0,false
hodhac1,0.25,0.0,15000.0,false
hodred1,0.25,0.0,15000.0,false
hoobut1,0.25,0.0,15000.0,false
hoocus1,0.25,0.0,15000.0,false
hoopit2,0.25,0.0,15000.0,false
hoorob1,0.25,0.0,15000.0,false
hobkin1,0.25,0.0,15000.0,false
horbab2,0.25,0.0,15000.0,false
hobcuc1,0.25,0.0,15000.0,false
houcro1,0.25,0.0,15000.0,false
houspa,0.25,0.0,15000.0,false
houswi1,0.25,0.0,15000.0,false
gycful5,0.25,0.0,15000.0,false
bnttre2,0.25,0.0,15000.0,false
humwar1,0.25,0.0,15000.0,false
humwhe1,0.25,0.0,15000.0,false
eurbla2,0.25,0.0,15000.0,false
inbrob1,0.25,0.0,15000.0,false
indbus2,0.25,0.0,15000.0,false
indcuc1,0.25,0.0,15000.0,false
ingori1,0.25,0.0,15000.0,false
inghor2,0.25,0.0,15000.0,false
indnig1,0.25,0.0,15000.0,false
aspfly1,0.25,0.0,15000.0,false
compea,0.25,0.0,15000.0,false
indpit1,0.25,0.0,15000.0,false
inpher1,0.25,0.0,15000.0,false
indrob1,0.25,0.0,15000.0,false
indrol2,0.25,0.0,15000.0,false
insbab1,0.25,0.0,15000.0,false
insowl1,0.25,0.0,15000.0,false
indsil,0.25,0.0,15000.0,false
isbduc1,0.25,0.0,15000.0,false
indthk1,0.25,0.0,15000.0,false
indwhe1,0.25,0.0,15000.0,false
indtit1,0.25,0.0,15000.0,false
indfly1,0.25,0.0,15000.0,false
indbar1,0.25,0.0,15000.0,false
tibfly4,0.25,0.0,15000.0,false
indbus3,0.25,0.0,15000.0,false
yebmag1,0.25,0.0,15000.0,false
indyuh1,0.25,0.0,15000.0,false
indhon1,0.25,0.0,15000.0,false
integr,0.25,0.0,15000.0,false
isabuh1,0.25,0.0,15000.0,false
isipig1,0.25,0.0,15000.0,false
islwar1,0.25,0.0,15000.0,false
islthr1,0.25,0.0,15000.0,false
ivbpit1,0.25,0.0,15000.0,false
jacwin1,0.25,0.0,15000.0,false
arcwar3,0.25,0.0,15000.0,false
japfly1,0.25,0.0,15000.0,false
japqua,0.25,0.0,15000.0,false
japrob1,0.25,0.0,15000.0,false
japspa1,0.25,0.0,15000.0,false
japthr1,0.25,0.0,15000.0,false
gretit4,0.25,0.0,15000.0,false
javspa,0.25,0.0,15000.0,false
jabwar1,0.25,0.0,15000.0,false
javful1,0.25,0.0,15000.0,false
javmun1,0.25,0.0,15000.0,false
whvmyn,0.25,0.0,15000.0,false
javowl1,0.25,0.0,15000.0,false
javplo1,0.25,0.0,15000.0,false
japher1,0.25,0.0,15000.0,false
javtes1,0.25,0.0,15000.0,false
jerbab1,0.25,0.0,15000.0,false
jerbaz1,0.25,0.0,15000.0,false
jerbus2,0.25,0.0,15000.0,false
jerlea1,0.25,0.0,15000.0,false
jernig1,0.25,0.0,15000.0,false
junbab2,0.25,0.0,15000.0,false
jubqua1,0.25,0.0,15000.0,false
junmyn1,0.25,0.0,15000.0,false
grynig2,0.25,0.0,15000.0,false
junowl1,0.25,0.0,15000.0,false
junpri1,0.25,0.0,15000.0,false
kalphe,0.25,0.0,15000.0,false
arcwar2,0.25,0.0,15000.0,false
kenplo1,0.25,0.0,15000.0,false
kerpet,0.25,0.0,15000.0,false
kbopar1,0.25,0.0,15000.0,false
kospar1,0.25,0.0,15000.0,false
klolew1,0.25,0.0,15000.0,false
knohor1,0.25,0.0,15000.0,false
lacwoo1,0.25,0.0,15000.0,false
lanwar,0.25,0.0,15000.0,false
larcus1,0.25,0.0,15000.0,false
larfro1,0.25,0.0,15000.0,false
lagbab2,0.25,0.0,15000.0,false
larhac2,0.25,0.0,15000.0,false
larnil1,0.25,0.0,15000.0,false
lasbab1,0.25,0.0,15000.0,false
larwoo1,0.25,0.0,15000.0,false
lawbab1,0.25,0.0,15000.0,false
labcro1,0.25,0.0,15000.0,false
labger1,0.25,0.0,15000.0,false
lblwar1,0.25,0.0,15000.0,false
labscr2,0.25,0.0,15000.0,false
latnig2,0.25,0.0,15000.0,false
latsni1,0.25,0.0,15000.0,false
laudov1,0.25,0.0,15000.0,false
laukoo1,0.25,0.0,15000.0,false
leafly2,0.25,0.0,15000.0,false
lebfly3,0.25,0.0,15000.0,false
parwar1,0.25,0.0,15000.0,false
lbopar1,0.25,0.0,15000.0,false
lbbgul,0.25,0.0,15000.0,false
lescou1,0.25,0.0,15000.0,false
lecter2,0.25,0.0,15000.0,false
lescuc1,0.25,0.0,15000.0,false
lescus1,0.25,0.0,15000.0,false
lefeag1,0.25,0.0,15000.0,false
lesfri,0.25,0.0,15000.0,false
leglea1,0.25,0.0,15000.0,false
legrob1,0.25,0.0,15000.0,false
lesmel1,0.25,0.0,15000.0,false
lenlau1,0.25,0.0,15000.0,false
lrtdro1,0.25,0.0,15000.0,false
lesplo,0.25,0.0,15000.0,false
lessho1,0.25,0.0,15000.0,false
lewduc1,0.25,0.0,15000.0,false
lesyel1,0.25,0.0,15000.0,false
lewrai1,0.25,0.0,15000.0,false
livbul1,0.25,0.0,15000.0,false
limlew1,0.25,0.0,15000.0,false
linbar1,0.25,0.0,15000.0,false
litbar1,0.25,0.0,15000.0,false
libcuc1,0.25,0.0,15000.0,false
litbun,0.25,0.0,15000.0,false
litcor2,0.25,0.0,15000.0,false
litcor1,0.25,0.0,15000.0,false
licdov1,0.25,0.0,15000.0,false
litcur,0.25,0.0,15000.0,false
litegr,0.25,0.0,15000.0,false
litfri1,0.25,0.0,15000.0,false
litgra1,0.25,0.0,15000.0,false
litgre1,0.25,0.0,15000.0,false
ligpig1,0.25,0.0,15000.0,false
litlor1,0.25,0.0,15000.0,false
lipfly1,0.25,0.0,15000.0,false
lirplo,0.25,0.0,15000.0,false
lisfly1,0.25,0.0,15000.0,false
litspi1,0.25,0.0,15000.0,false
litsti,0.25,0.0,15000.0,false
litswi1,0.25,0.0,15000.0,false
litter1,0.25,0.0,15000.0,false
lobcor1,0.25,0.0,15000.0,false
lobcro1,0.25,0.0,15000.0,false
lobpip1,0.25,0.0,15000.0,false
lobplo1,0.25,0.0,15000.0,false
lotbro1,0.25,0.0,15000.0,false
ltbwar1,0.25,0.0,15000.0,false
lotjae,0.25,0.0,15000.0,false
lotkoe1,0.25,0.0,15000.0,false
lotmin1,0.25,0.0,15000.0,false
lotmyn1,0.25,0.0,15000.0,false
lotpar2,0.25,0.0,15000.0,false
lotshr1,0.25,0.0,15000.0,false
lotsib1,0.25,0.0,15000.0,false
lotsti,0.25,0.0,15000.0,false
lovfai1,0.25,0.0,15000.0,false
loweye2,0.25,0.0,15000.0,false
phihao1,0.25,0.0,15000.0,false
macdov1,0.25,0.0,15000.0,false
machon2,0.25,0.0,15000.0,false
mbopar2,0.25,0.0,15000.0,false
magrif3,0.25,0.0,15000.0,false
maggoo1,0.25,0.0,15000.0,false
maglar1,0.25,0.0,15000.0,false
maltro1,0.25,0.0,15000.0,false
banpit3,0.25,0.0,15000.0,false
mallau1,0.25,0.0,15000.0,false
manher1,0.25,0.0,15000.0,false
mapphe1,0.25,0.0,15000.0,false
mabfly1,0.25,0.0,15000.0,false
malnig1,0.25,0.0,15000.0,false
malhac1,0.25,0.0,15000.0,false
piefan1,0.25,0.0,15000.0,false
malplo1,0.25,0.0,15000.0,false
marbab1,0.25,0.0,15000.0,false
malia1,0.25,0.0,15000.0,false
mallar3,0.25,0.0,15000.0,false
manbuw1,0.25,0.0,15000.0,false
manduc1,0.25,0.0,15000.0,false
mabfly2,0.25,0.0,15000.0,false
manger1,0.25,0.0,15000.0,false
manpit1,0.25,0.0,15000.0,false
manwhi1,0.25,0.0,15000.0,false
masowl2,0.25,0.0,15000.0,false
marfro1,0.25,0.0,15000.0,false
mawbab1,0.25,0.0,15000.0,false
marori2,0.25,0.0,15000.0,false
marwoo1,0.25,0.0,15000.0,false
mabphi2,0.25,0.0,15000.0,false
marsan,0.25,0.0,15000.0,false
marwar4,0.25,0.0,15000.0,false
masboo,0.25,0.0,15000.0,false
maslap1,0.25,0.0,15000.0,false
maslau1,0.25,0.0,15000.0,false
maswoo1,0.25,0.0,15000.0,false
mcgcus1,0.25,0.0,15000.0,false
melkin1,0.25,0.0,15000.0,false
melscr1,0.25,0.0,15000.0,false
metpig1,0.25,0.0,15000.0,false
metsta1,0.25,0.0,15000.0,false
micmyz1,0.25,0.0,15000.0,false
micsta1,0.25,0.0,15000.0,false
migwar,0.25,0.0,15000.0,false
minhor1,0.25,0.0,15000.0,false
mistle1,0.25,0.0,15000.0,false
molfly1,0.25,0.0,15000.0,false
mosowl1,0.25,0.0,15000.0,false
molsta1,0.25,0.0,15000.0,false
monhar1,0.25,0.0,15000.0,false
mowowl1,0.25,0.0,15000.0,false
mobpar1,0.25,0.0,15000.0,false
moubar1,0.25,0.0,15000.0,false
moubul2,0.25,0.0,15000.0,false
mouful1,0.25,0.0,15000.0,false
mouhae1,0.25,0.0,15000.0,false
moipig1,0.25,0.0,15000.0,false
mouwar2,0.25,0.0,15000.0,false
momwar1,0.25,0.0,15000.0,false
moupel1,0.25,0.0,15000.0,false
mosowl2,0.25,0.0,15000.0,false
moutai2,0.25,0.0,15000.0,false
moubab1,0.25,0.0,15000.0,false
moubar2,0.25,0.0,15000.0,false
mohcuc1,0.25,0.0,15000.0,false
moutre1,0.25,0.0,15000.0,false
gousun1,0.25,0.0,15000.0,false
mugfly,0.25,0.0,15000.0,false
narfly2,0.25,0.0,15000.0,false
gotbar3,0.25,0.0,15000.0,false
nepful1,0.25,0.0,15000.0,false
negeag1,0.25,0.0,15000.0,false
noifri1,0.25,0.0,15000.0,false
noimin1,0.25,0.0,15000.0,false
noipit1,0.25,0.0,15000.0,false
norgre1,0.25,0.0,15000.0,false
molpit1,0.25,0.0,15000.0,false
norboo1,0.25,0.0,15000.0,false
norfan1,0.25,0.0,15000.0,false
norlap,0.25,0.0,15000.0,false
norpin,0.25,0.0,15000.0,false
norsho,0.25,0.0,15000.0,false
varpit2,0.25,0.0,15000.0,false
ochbul2,0.25,0.0,15000.0,false
olibul1,0.25,0.0,15000.0,false
olbori1,0.25,0.0,15000.0,false
olbpip,0.25,0.0,15000.0,false
olbsun4,0.25,0.0,15000.0,false
olbtai1,0.25,0.0,15000.0,false
olbwoo2,0.25,0.0,15000.0,false
olwbul1,0.25,0.0,15000.0,false
orbwoo1,0.25,0.0,15000.0,false
orbthr1,0.25,0.0,15000.0,false
orbflo1,0.25,0.0,15000.0,false
obfdov1,0.25,0.0,15000.0,false
orblea1,0.25,0.0,15000.0,false
orbpig1,0.25,0.0,15000.0,false
orbtro2,0.25,0.0,15000.0,false
orfscr1,0.25,0.0,15000.0,false
orhthr1,0.25,0.0,15000.0,false
orbowl1,0.25,0.0,15000.0,false
oricuc2,0.25,0.0,15000.0,false
darter2,0.25,0.0,15000.0,false
origre,0.25,0.0,15000.0,false
orihob2,0.25,0.0,15000.0,false
orimag1,0.25,0.0,15000.0,false
magrob,0.25,0.0,15000.0,false
orphor1,0.25,0.0,15000.0,false
oriplo1,0.25,0.0,15000.0,false
oripra,0.25,0.0,15000.0,false
orrwar1,0.25,0.0,15000.0,false
orsowl,0.25,0.0,15000.0,false
orisky1,0.25,0.0,15000.0,false
ortdov,0.25,0.0,15000.0,false
osprey,0.25,0.0,15000.0,false
pacbaz1,0.25,0.0,15000.0,false
pabduc1,0.25,0.0,15000.0,false
emedov3,0.25,0.0,15000.0,false
pagplo,0.25,0.0,15000.0,false
paipig1,0.25,0.0,15000.0,false
asikoe3,0.25,0.0,15000.0,false
pacreh1,0.25,0.0,15000.0,false
pacswa1,0.25,0.0,15000.0,false
fotswi,0.25,0.0,15000.0,false
oripip1,0.25,0.0,15000.0,false
padwar1,0.25,0.0,15000.0,false
paihon1,0.25,0.0,15000.0,false
paqthr1,0.25,0.0,15000.0,false
paisto1,0.25,0.0,15000.0,false
pabwar1,0.25,0.0,15000.0,false
pafdov1,0.25,0.0,15000.0,false
pabfly2,0.25,0.0,15000.0,false
pasmar1,0.25,0.0,15000.0,false
palthr1,0.25,0.0,15000.0,false
pabflo1,0.25,0.0,15000.0,false
pabmon1,0.25,0.0,15000.0,false
pacblf1,0.25,0.0,15000.0,false
pfbwar1,0.25,0.0,15000.0,false
pahros1,0.25,0.0,15000.0,false
pahwoo1,0.25,0.0,15000.0,false
pllwar1,0.25,0.0,15000.0,false
rutbuh1,0.25,0.0,15000.0,false
payrob1,0.25,0.0,15000.0,false
pagwar1,0.25,0.0,15000.0,false
palwar5,0.25,0.0,15000.0,false
palcuc1,0.25,0.0,15000.0,false
palhar1,0.25,0.0,15000.0,false
palcoc1,0.25,0.0,15000.0,false
papfly1,0.25,0.0,15000.0,false
junhao1,0.25,0.0,15000.0,false
tawgra2,0.25,0.0,15000.0,false
norlog1,0.25,0.0,15000.0,false
paplor1,0.25,0.0,15000.0,false
pappit1,0.25,0.0,15000.0,false
papscr1,0.25,0.0,15000.0,false
paptre1,0.25,0.0,15000.0,false
parcro1,0.25,0.0,15000.0,false
parjae,0.25,0.0,15000.0,false
peadov1,0.25,0.0,15000.0,false
pecpip,0.25,0.0,15000.0,false
pecsan,0.25,0.0,15000.0,false
perfal,0.25,0.0,15000.0,false
phecou2,0.25,0.0,15000.0,false
phepig1,0.25,0.0,15000.0,false
phtjac1,0.25,0.0,15000.0,false
phibul1,0.25,0.0,15000.0,false
phbwar1,0.25,0.0,15000.0,false
phicou1,0.25,0.0,15000.0,false
phcdov1,0.25,0.0,15000.0,false
phidrc1,0.25,0.0,15000.0,false
grpeag1,0.25,0.0,15000.0,false
phifab1,0.25,0.0,15000.0,false
phifro1,0.25,0.0,15000.0,false
phihap1,0.25,0.0,15000.0,false
phhcuc1,0.25,0.0,15000.0,false
phlwar1,0.25,0.0,15000.0,false
phimar1,0.25,0.0,15000.0,false
phinig1,0.25,0.0,15000.0,false
phiori1,0.25,0.0,15000.0,false
phipif1,0.25,0.0,15000.0,false
phseag1,0.25,0.0,15000.0,false
phitro1,0.25,0.0,15000.0,false
pieavo1,0.25,0.0,15000.0,false
piebus1,0.25,0.0,15000.0,false
piebut1,0.25,0.0,15000.0,false
piecuc1,0.25,0.0,15000.0,false
piecur1,0.25,0.0,15000.0,false
piehar1,0.25,0.0,15000.0,false
piehon1,0.25,0.0,15000.0,false
piipig1,0.25,0.0,15000.0,false
piekin1,0.25,0.0,15000.0,false
pieoys1,0.25,0.0,15000.0,false
piesti1,0.25,0.0,15000.0,false
pietri1,0.25,0.0,15000.0,false
sttbab1,0.25,0.0,15000.0,false
pitsni,0.25,0.0,15000.0,false
pincoc1,0.25,0.0,15000.0,false
pbipig1,0.25,0.0,15000.0,false
pieduc1,0.25,0.0,15000.0,false
pinpig3,0.25,0.0,15000.0,false
piipig2,0.25,0.0,15000.0,false
pipcro1,0.25,0.0,15000.0,false
plaflo2,0.25,0.0,15000.0,false
plapri1,0.25,0.0,15000.0,false
plbspa1,0.25,0.0,15000.0,false
placuc1,0.25,0.0,15000.0,false
plhpar1,0.25,0.0,15000.0,false
plured1,0.25,0.0,15000.0,false
pltswi1,0.25,0.0,15000.0,false
plwduc1,0.25,0.0,15000.0,false
pomjae,0.25,0.0,15000.0,false
pubbul1,0.25,0.0,15000.0,false
putbab1,0.25,0.0,15000.0,false
putbul1,0.25,0.0,15000.0,false
purher1,0.25,0.0,15000.0,false
pursun4,0.25,0.0,15000.0,false
varfai1,0.25,0.0,15000.0,false
punsun1,0.25,0.0,15000.0,false
pursun3,0.25,0.0,15000.0,false
putsun3,0.25,0.0,15000.0,false
pywbab1,0.25,0.0,15000.0,false
pygflo1,0.25,0.0,15000.0,false
pybfly1,0.25,0.0,15000.0,false
rattre1,0.25,0.0,15000.0,false
radwar1,0.25,0.0,15000.0,false
radshe1,0.25,0.0,15000.0,false
rafmal1,0.25,0.0,15000.0,false
raiqua1,0.25,0.0,15000.0,false
rabeat1,0.25,0.0,15000.0,false
railor5,0.25,0.0,15000.0,false
rattre2,0.25,0.0,15000.0,false
redava,0.25,0.0,15000.0,false
rbopar2,0.25,0.0,15000.0,false
recdov1,0.25,0.0,15000.0,false
redcro,0.25,0.0,15000.0,false
redjun,0.25,0.0,15000.0,false
redkno,0.25,0.0,15000.0,false
redspu1,0.25,0.0,15000.0,false
rebbut2,0.25,0.0,15000.0,false
rebfai1,0.25,0.0,15000.0,false
rbbeat1,0.25,0.0,15000.0,false
rbbmag,0.25,0.0,15000.0,false
rbsbab1,0.25,0.0,15000.0,false
rebsta1,0.25,0.0,15000.0,false
rebtro,0.25,0.0,15000.0,false
rebfly,0.25,0.0,15000.0,false
rebpar4,0.25,0.0,15000.0,false
rebpar5,0.25,0.0,15000.0,false
rebfir1,0.25,0.0,15000.0,false
rebpar6,0.25,0.0,15000.0,false
recrob1,0.25,0.0,15000.0,false
recpar2,0.25,0.0,15000.0,false
railor7,0.25,0.0,15000.0,false
recmyz1,0.25,0.0,15000.0,false
recpoc,0.25,0.0,15000.0,false
recbar1,0.25,0.0,15000.0,false
reebul1,0.25,0.0,15000.0,false
reflio2,0.25,0.0,15000.0,false
refblu,0.25,0.0,15000.0,false
refboo,0.25,0.0,15000.0,false
rehmyz1,0.25,0.0,15000.0,false
rehtro1,0.25,0.0,15000.0,false
resflo1,0.25,0.0,15000.0,false
rkipig1,0.25,0.0,15000.0,false
bncbrt1,0.25,0.0,15000.0,false
relcra1,0.25,0.0,15000.0,false
renibi1,0.25,0.0,15000.0,false
rentro1,0.25,0.0,15000.0,false
rencra1,0.25,0.0,15000.0,false
renpha,0.25,0.0,15000.0,false
rensti,0.25,0.0,15000.0,false
rerswa1,0.25,0.0,15000.0,false
rtbcoc1,0.25,0.0,15000.0,false
retlau1,0.25,0.0,15000.0,false
retmin1,0.25,0.0,15000.0,false
rettro,0.25,0.0,15000.0,false
retbar1,0.25,0.0,15000.0,false
retpip,0.25,0.0,15000.0,false
retthr1,0.25,0.0,15000.0,false
revbar1,0.25,0.0,15000.0,false
revbul,0.25,0.0,15000.0,false
rewlap1,0.25,0.0,15000.0,false
rewbul,0.25,0.0,15000.0,false
rewpar1,0.25,0.0,15000.0,false
resowl1,0.25,0.0,15000.0,false
regwhi1,0.25,0.0,15000.0,false
rhihor1,0.25,0.0,15000.0,false
ricpip1,0.25,0.0,15000.0,false
rivlap1,0.25,0.0,15000.0,false
rivter1,0.25,0.0,15000.0,false
roeowl1,0.25,0.0,15000.0,false
rocpig,0.25,0.0,15000.0,false
rcfdov1,0.25,0.0,15000.0,false
rorpar,0.25,0.0,15000.0,false
roster,0.25,0.0,15000.0,false
rospip1,0.25,0.0,15000.0,false
rossta2,0.25,0.0,15000.0,false
rucsun2,0.25,0.0,15000.0,false
rudkin1,0.25,0.0,15000.0,false
rudshe,0.25,0.0,15000.0,false
rudtur,0.25,0.0,15000.0,false
rubcra1,0.25,0.0,15000.0,false
rufpri1,0.25,0.0,15000.0,false
ruff,0.25,0.0,15000.0,false
ruffan1,0.25,0.0,15000.0,false
rufhor1,0.25,0.0,15000.0,false
rupfly1,0.25,0.0,15000.0,false
rufpic1,0.25,0.0,15000.0,false
litshr2,0.25,0.0,15000.0,false
rufson1,0.25,0.0,15000.0,false
ruftre2,0.25,0.0,15000.0,false
rufwhi1,0.25,0.0,15000.0,false
rufwoo2,0.25,0.0,15000.0,false
rubhon1,0.25,0.0,15000.0,false
rubsib1,0.25,0.0,15000.0,false
rubhon2,0.25,0.0,15000.0,false
rubeag2,0.25,0.0,15000.0,false
rubkoo1,0.25,0.0,15000.0,false
rubnil1,0.25,0.0,15000.0,false
rubtri1,0.25,0.0,15000.0,false
rubwoo1,0.25,0.0,15000.0,false
rubfly3,0.25,0.0,15000.0,false
rucbab1,0.25,0.0,15000.0,false
rucfly1,0.25,0.0,15000.0,false
ruckin1,0.25,0.0,15000.0,false
rucbab2,0.25,0.0,15000.0,false
rufwar1,0.25,0.0,15000.0,false
rufbab2,0.25,0.0,15000.0,false
ruftai1,0.25,0.0,15000.0,false
rugfly1,0.25,0.0,15000.0,false
ruhtai2,0.25,0.0,15000.0,false
rulkin1,0.25,0.0,15000.0,false
runwhi1,0.25,0.0,15000.0,false
rutlar2,0.25,0.0,15000.0,false
rutrob1,0.25,0.0,15000.0,false
rutsha2,0.25,0.0,15000.0,false
ruttai1,0.25,0.0,15000.0,false
rutful1,0.25,0.0,15000.0,false
rutpar1,0.25,0.0,15000.0,false
ruwful1,0.25,0.0,15000.0,false
ruwphi2,0.25,0.0,15000.0,false
rubwar1,0.25,0.0,15000.0,false
russpa2,0.25,0.0,15000.0,false
ructes1,0.25,0.0,15000.0,false
rutthr1,0.25,0.0,15000.0,false
rumwar1,0.25,0.0,15000.0,false
ruspit1,0.25,0.0,15000.0,false
rubsho1,0.25,0.0,15000.0,false
rubwhi1,0.25,0.0,15000.0,false
rbwbab1,0.25,0.0,15000.0,false
rucful1,0.25,0.0,15000.0,false
rcsbab1,0.25,0.0,15000.0,false
rufbar1,0.25,0.0,15000.0,false
runpit1,0.25,0.0,15000.0,false
sackin1,0.25,0.0,15000.0,false
salwar1,0.25,0.0,15000.0,false
sanlar1,0.25,0.0,15000.0,false
sander,0.25,0.0,15000.0,false
sarcra1,0.25,0.0,15000.0,false
satfly1,0.25,0.0,15000.0,false
savnig1,0.25,0.0,15000.0,false
scfmal1,0.25,0.0,15000.0,false
sbwbab1,0.25,0.0,15000.0,false
scblor1,0.25,0.0,15000.0,false
nutman,0.25,0.0,15000.0,false
scbpar1,0.25,0.0,15000.0,false
sccbab1,0.25,0.0,15000.0,false
scamin1,0.25,0.0,15000.0,false
scamyz1,0.25,0.0,15000.0,false
scbflo1,0.25,0.0,15000.0,false
scbflo2,0.25,0.0,15000.0,false
reflio3,0.25,0.0,15000.0,false
scrtro1,0.25,0.0,15000.0,false
schbit1,0.25,0.0,15000.0,false
sclwhi1,0.25,0.0,15000.0,false
shtsan,0.25,0.0,15000.0,false
shikra1,0.25,0.0,15000.0,false
shbcuc1,0.25,0.0,15000.0,false
shifly1,0.25,0.0,15000.0,false
shwthr1,0.25,0.0,15000.0,false
sheowl,0.25,0.0,15000.0,false
shtbab1,0.25,0.0,15000.0,false
stsbab1,0.25,0.0,15000.0,false
shtshe,0.25,0.0,15000.0,false
shtcou1,0.25,0.0,15000.0,false
shteag1,0.25,0.0,15000.0,false
sibrob,0.25,0.0,15000.0,false
sibrub,0.25,0.0,15000.0,false
sibsto1,0.25,0.0,15000.0,false
sibthr1,0.25,0.0,15000.0,false
silgul2,0.25,0.0,15000.0,false
sibbro1,0.25,0.0,15000.0,false
sielau1,0.25,0.0,15000.0,false
siemes1,0.25,0.0,15000.0,false
sirnee1,0.25,0.0,15000.0,false
silver3,0.25,0.0,15000.0,false
sinhon1,0.25,0.0,15000.0,false
sinpar1,0.25,0.0,15000.0,false
slbfly1,0.25,0.0,15000.0,false
slbfor1,0.25,0.0,15000.0,false
slbtes1,0.25,0.0,15000.0,false
slbfly2,0.25,0.0,15000.0,false
slbrai1,0.25,0.0,15000.0,false
sllcra1,0.25,0.0,15000.0,false
slbcro1,0.25,0.0,15000.0,false
slbgul1,0.25,0.0,15000.0,false
slbori1,0.25,0.0,15000.0,false
sbsbab1,0.25,0.0,15000.0,false
smabut2,0.25,0.0,15000.0,false
smamin1,0.25,0.0,15000.0,false
smanil1,0.25,0.0,15000.0,false
smapra1,0.25,0.0,15000.0,false
snbfly1,0.25,0.0,15000.0,false
somkin1,0.25,0.0,15000.0,false
sooowl1,0.25,0.0,15000.0,false
soooys1,0.25,0.0,15000.0,false
sooshe,0.25,0.0,15000.0,false
sooter1,0.25,0.0,15000.0,false
sotfan1,0.25,0.0,15000.0,false
socbab1,0.25,0.0,15000.0,false
sohbul1,0.25,0.0,15000.0,false
souboo8,0.25,0.0,15000.0,false
soucas1,0.25,0.0,15000.0,false
spadro1,0.25,0.0,15000.0,false
spepic1,0.25,0.0,15000.0,false
spebar1,0.25,0.0,15000.0,false
spebul1,0.25,0.0,15000.0,false
wheimp2,0.25,0.0,15000.0,false
spemon1,0.25,0.0,15000.0,false
spespi2,0.25,0.0,15000.0,false
spbsan1,0.25,0.0,15000.0,false
sbeowl1,0.25,0.0,15000.0,false
spbpar1,0.25,0.0,15000.0,false
spbscb1,0.25,0.0,15000.0,false
spnbab1,0.25,0.0,15000.0,false
sptgos1,0.25,0.0,15000.0,false
sptbab1,0.25,0.0,15000.0,false
spocra2,0.25,0.0,15000.0,false
spocat2,0.25,0.0,15000.0,false
spodov,0.25,0.0,15000.0,false
spwbab1,0.25,0.0,15000.0,false
spofan1,0.25,0.0,15000.0,false
spofor1,0.25,0.0,15000.0,false
spjbab1,0.25,0.0,15000.0,false
spokin1,0.25,0.0,15000.0,false
sponig1,0.25,0.0,15000.0,false
spoowl1,0.25,0.0,15000.0,false
spored,0.25,0.0,15000.0,false
spwowl1,0.25,0.0,15000.0,false
asidrc3,0.25,0.0,15000.0,false
walsta2,0.25,0.0,15000.0,false
stedov1,0.25,0.0,15000.0,false
steeag1,0.25,0.0,15000.0,false
stbkin1,0.25,0.0,15000.0,false
sthbul1,0.25,0.0,15000.0,false
sbsbab3,0.25,0.0,15000.0,false
stebul2,0.25,0.0,15000.0,false
sttbar1,0.25,0.0,15000.0,false
sttswa2,0.25,0.0,15000.0,false
sttwoo1,0.25,0.0,15000.0,false
strbul1,0.25,0.0,15000.0,false
strspi1,0.25,0.0,15000.0,false
strwea2,0.25,0.0,15000.0,false
stwbab1,0.25,0.0,15000.0,false
strbab1,0.25,0.0,15000.0,false
strbul2,0.25,0.0,15000.0,false
strgra1,0.25,0.0,15000.0,false
strher,0.25,0.0,15000.0,false
strpar1,0.25,0.0,15000.0,false
strswa2,0.25,0.0,15000.0,false
stwbab2,0.25,0.0,15000.0,false
sttbul1,0.25,0.0,15000.0,false
sttyuh1,0.25,0.0,15000.0,false
strlau3,0.25,0.0,15000.0,false
stwbab3,0.25,0.0,15000.0,false
stuqua1,0.25,0.0,15000.0,false
sulbab1,0.25,0.0,15000.0,false
subfly1,0.25,0.0,15000.0,false
suldro1,0.25,0.0,15000.0,false
rubfan2,0.25,0.0,15000.0,false
sulhor1,0.25,0.0,15000.0,false
sulwar1,0.25,0.0,15000.0,false
susowl1,0.25,0.0,15000.0,false
subwhi1,0.25,0.0,15000.0,false
succoc,0.25,0.0,15000.0,false
sultit1,0.25,0.0,15000.0,false
sulcud1,0.25,0.0,15000.0,false
lobblf1,0.25,0.0,15000.0,false
subwar4,0.25,0.0,15000.0,false
suncuc2,0.25,0.0,15000.0,false
sunfro1,0.25,0.0,15000.0,false
sunlau1,0.25,0.0,15000.0,false
bncwoo2,0.25,0.0,15000.0,false
susowl2,0.25,0.0,15000.0,false
sunwar1,0.25,0.0,15000.0,false
sufdov1,0.25,0.0,15000.0,false
swahar1,0.25,0.0,15000.0,false
swisni1,0.25,0.0,15000.0,false
swspet,0.25,0.0,15000.0,false
swiwhe1,0.25,0.0,15000.0,false
sykwar2,0.25,0.0,15000.0,false
tabscr1,0.25,0.0,15000.0,false
taifly1,0.25,0.0,15000.0,false
tancoc1,0.25,0.0,15000.0,false
tawfro1,0.25,0.0,15000.0,false
tawgra3,0.25,0.0,15000.0,false
tawpip1,0.25,0.0,15000.0,false
tabbab1,0.25,0.0,15000.0,false
tembab1,0.25,0.0,15000.0,false
temsti,0.25,0.0,15000.0,false
temsun1,0.25,0.0,15000.0,false
tersan,0.25,0.0,15000.0,false
thbflo1,0.25,0.0,15000.0,false
thbpig1,0.25,0.0,15000.0,false
thbspi1,0.25,0.0,15000.0,false
thbwar1,0.25,0.0,15000.0,false
tibfly3,0.25,0.0,15000.0,false
tilwar1,0.25,0.0,15000.0,false
ticthr1,0.25,0.0,15000.0,false
tigshr1,0.25,0.0,15000.0,false
timstu1,0.25,0.0,15000.0,false
titber1,0.25,0.0,15000.0,false
tobcat2,0.25,0.0,15000.0,false
torcro2,0.25,0.0,15000.0,false
torimp1,0.25,0.0,15000.0,false
colkin9,0.25,0.0,15000.0,false
tremar2,0.25,0.0,15000.0,false
trepip,0.25,0.0,15000.0,false
trimun,0.25,0.0,15000.0,false
troshe5,0.25,0.0,15000.0,false
truman1,0.25,0.0,15000.0,false
tufduc,0.25,0.0,15000.0,false
islfly1,0.25,0.0,15000.0,false
twwbop1,0.25,0.0,15000.0,false
grewar2,0.25,0.0,15000.0,false
ultfly1,0.25,0.0,15000.0,false
vahsun1,0.25,0.0,15000.0,false
vargos1,0.25,0.0,15000.0,false
varsit8,0.25,0.0,15000.0,false
vartri1,0.25,0.0,15000.0,false
vefnut1,0.25,0.0,15000.0,false
verfly4,0.25,0.0,15000.0,false
vehpar1,0.25,0.0,15000.0,false
viecut1,0.25,0.0,15000.0,false
viegre2,0.25,0.0,15000.0,false
vibsta3,0.25,0.0,15000.0,false
viocuc1,0.25,0.0,15000.0,false
vivnil1,0.25,0.0,15000.0,false
walhae1,0.25,0.0,15000.0,false
wantat1,0.25,0.0,15000.0,false
wawduc1,0.25,0.0,15000.0,false
warwhe1,0.25,0.0,15000.0,false
waterc1,0.25,0.0,15000.0,false
wetpig1,0.25,0.0,15000.0,false
wetshe,0.25,0.0,15000.0,false
weebil1,0.25,0.0,15000.0,false
welswa1,0.25,0.0,15000.0,false
wesger1,0.25,0.0,15000.0,false
eaywag1,0.25,0.0,15000.0,false
whimbr,0.25,0.0,15000.0,false
whiter2,0.25,0.0,15000.0,false
whitre1,0.25,0.0,15000.0,false
whiyuh1,0.25,0.0,15000.0,false
whiwar2,0.25,0.0,15000.0,false
whikit1,0.25,0.0,15000.0,false
whicoc1,0.25,0.0,15000.0,false
whiter,0.25,0.0,15000.0,false
whiwag,0.25,0.0,15000.0,false
scathr2,0.25,0.0,15000.0,false
whbcus1,0.25,0.0,15000.0,false
whbdro1,0.25,0.0,15000.0,false
whbyuh1,0.25,0.0,15000.0,false
whbpig1,0.25,0.0,15000.0,false
whbred1,0.25,0.0,15000.0,false
wbseag1,0.25,0.0,15000.0,false
wbtfan1,0.25,0.0,15000.0,false
whbwoo2,0.25,0.0,15000.0,false
whbbab1,0.25,0.0,15000.0,false
whbfrd1,0.25,0.0,15000.0,false
whbwat1,0.25,0.0,15000.0,false
whbwhi2,0.25,0.0,15000.0,false
whbwoo4,0.25,0.0,15000.0,false
whbbul2,0.25,0.0,15000.0,false
wbbrob1,0.25,0.0,15000.0,false
whbcra1,0.25,0.0,15000.0,false
whbfan2,0.25,0.0,15000.0,false
whbful1,0.25,0.0,15000.0,false
whblau1,0.25,0.0,15000.0,false
whbpic3,0.25,0.0,15000.0,false
wbsbab1,0.25,0.0,15000.0,false
whbsha1,0.25,0.0,15000.0,false
whbsho12,0.25,0.0,15000.0,false
whbtai1,0.25,0.0,15000.0,false
whbwag1,0.25,0.0,15000.0,false
whbwoo5,0.25,0.0,15000.0,false
whcred1,0.25,0.0,15000.0,false
whcsta1,0.25,0.0,15000.0,false
whcbab1,0.25,0.0,15000.0,false
whcbla1,0.25,0.0,15000.0,false
whclau2,0.25,0.0,15000.0,false
whcfor1,0.25,0.0,15000.0,false
whchor2,0.25,0.0,15000.0,false
whckoe1,0.25,0.0,15000.0,false
whedov1,0.25,0.0,15000.0,false
whemon1,0.25,0.0,15000.0,false
grshon1,0.25,0.0,15000.0,false
whebuz1,0.25,0.0,15000.0,false
whfher1,0.25,0.0,15000.0,false
wfsowl2,0.25,0.0,15000.0,false
whghon1,0.25,0.0,15000.0,false
whgfly1,0.25,0.0,15000.0,false
whhmun1,0.25,0.0,15000.0,false
whhbab2,0.25,0.0,15000.0,false
whnmon1,0.25,0.0,15000.0,false
whnwoo1,0.25,0.0,15000.0,false
whnlau1,0.25,0.0,15000.0,false
whnpet,0.25,0.0,15000.0,false
ednswi1,0.25,0.0,15000.0,false
whphon1,0.25,0.0,15000.0,false
whrmun,0.25,0.0,15000.0,false
whrsha,0.25,0.0,15000.0,false
whsfai1,0.25,0.0,15000.0,false
whssta2,0.25,0.0,15000.0,false
whswar1,0.25,0.0,15000.0,false
whtfly2,0.25,0.0,15000.0,false
whtnut1,0.25,0.0,15000.0,false
whtrob2,0.25,0.0,15000.0,false
whttro,0.25,0.0,15000.0,false
whtbul1,0.25,0.0,15000.0,false
whtfan1,0.25,0.0,15000.0,false
whtger1,0.25,0.0,15000.0,false
whthon1,0.25,0.0,15000.0,false
whtkin2,0.25,0.0,15000.0,false
whtlau1,0.25,0.0,15000.0,false
whtnee,0.25,0.0,15000.0,false
whtnig3,0.25,0.0,15000.0,false
wtrthr1,0.25,0.0,15000.0,false
whttre3,0.25,0.0,15000.0,false
whthon2,0.25,0.0,15000.0,false
whvsha1,0.25,0.0,15000.0,false
whvwhi1,0.25,0.0,15000.0,false
whwfai1,0.25,0.0,15000.0,false
whwrob2,0.25,0.0,15000.0,false
whwter,0.25,0.0,15000.0,false
whwtri1,0.25,0.0,15000.0,false
whibro1,0.25,0.0,15000.0,false
wilwag1,0.25,0.0,15000.0,false
wbopar1,0.25,0.0,15000.0,false
witswa1,0.25,0.0,15000.0,false
wofdov1,0.25,0.0,15000.0,false
woosan,0.25,0.0,15000.0,false
wrehor1,0.25,0.0,15000.0,false
wrihor1,0.25,0.0,15000.0,false
yelbit,0.25,0.0,15000.0,false
yebbul2,0.25,0.0,15000.0,false
yebfan1,0.25,0.0,15000.0,false
yeblon1,0.25,0.0,15000.0,false
yebpri1,0.25,0.0,15000.0,false
yebwar1,0.25,0.0,15000.0,false
yebwhi1,0.25,0.0,15000.0,false
ybfdov1,0.25,0.0,15000.0,false
yebbab1,0.25,0.0,15000.0,false
gobmag1,0.25,0.0,15000.0,false
yebgro1,0.25,0.0,15000.0,false
yebkin1,0.25,0.0,15000.0,false
yebboa1,0.25,0.0,15000.0,false
yebbun,0.25,0.0,15000.0,false
yebflo2,0.25,0.0,15000.0,false
ybfdov2,0.25,0.0,15000.0,false
yebgre4,0.25,0.0,15000.0,false
yebwar2,0.25,0.0,15000.0,false
yebmel1,0.25,0.0,15000.0,false
yebtit3,0.25,0.0,15000.0,false
yebwar3,0.25,0.0,15000.0,false
yectit1,0.25,0.0,15000.0,false
yecbar1,0.25,0.0,15000.0,false
yecwoo1,0.25,0.0,15000.0,false
yeespi1,0.25,0.0,15000.0,false
yeebab1,0.25,0.0,15000.0,false
yefhon1,0.25,0.0,15000.0,false
yefmyn1,0.25,0.0,15000.0,false
yefpig1,0.25,0.0,15000.0,false
bkbbrt1,0.25,0.0,15000.0,false
yerflo1,0.25,0.0,15000.0,false
korfly1,0.25,0.0,15000.0,false
yertho1,0.25,0.0,15000.0,false
yeshon1,0.25,0.0,15000.0,false
yeswar1,0.25,0.0,15000.0,false
yetful1,0.25,0.0,15000.0,false
yetmin1,0.25,0.0,15000.0,false
yetscr1,0.25,0.0,15000.0,false
chspet1,0.25,0.0,15000.0,false
yetwhi1,0.25,0.0,15000.0,false
yevbul1,0.25,0.0,15000.0,false
yevflo1,0.25,0.0,15000.0,false
yevwar1,0.25,0.0,15000.0,false
yewbul1,0.25,0.0,15000.0,false
yewlap2,0.25,0.0,15000.0,false
yelbul1,0.25,0.0,15000.0,false
gycful4,0.25,0.0,15000.0,false
zapfly1,0.25,0.0,15000.0,false
zebdov,0.25,0.0,15000.0,false
zebfin2,0.25,0.0,15000.0,false
zitcis1,0.25,0.0,15000.0,false
zoeimp1,0.25,0.0,15000.0,false
