abgthr1,0.25,0.0,15000.0,false
abynig1,0.25,0.0,15000.0,false
abyrol2,0.25,0.0,15000.0,false
abythr1,0.25,0.0,15000.0,false
wbweye1,0.25,0.0,15000.0,false
afepig1,0.25,0.0,15000.0,false
abethr1,0.25,0.0,15000.0,false
afbowl1,0.25,0.0,15000.0,false
abhori1,0.25,0.0,15000.0,false
afbfly1,0.25,0.0,15000.0,false
afrbro1,0.25,0.0,15000.0,false
afcdov1,0.25,0.0,15000.0,false
afcfly1,0.25,0.0,15000.0,false
afrcuc1,0.25,0.0,15000.0,false
afdfly1,0.25,0.0,15000.0,false
afecuc1,0.25,0.0,15000.0,false
afffin,0.25,0.0,15000.0,false
affeag1,0.25,0.0,15000.0,false
afgori2,0.25,0.0,15000.0,false
afgwea1,0.25,0.0,15000.0,false
afrgos1,0.25,0.0,15000.0,false
afgfly1,0.25,0.0,15000.0,false
afghor1,0.25,0.0,15000.0,false
grywoo1,0.25,0.0,15000.0,false
afrgrp1,0.25,0.0,15000.0,false
afhhaw1,0.25,0.0,15000.0,false
afhbab1,0.25,0.0,15000.0,false
afrjac1,0.25,0.0,15000.0,false
afpswi1,0.25,0.0,15000.0,false
afpfly1,0.25,0.0,15000.0,false
afphor1,0.25,0.0,15000.0,false
afpsta1,0.25,0.0,15000.0,false
afpwag1,0.25,0.0,15000.0,false
afrpip1,0.25,0.0,15000.0,false
afrrai1,0.25,0.0,15000.0,false
afrwar1,0.25,0.0,15000.0,false
afsowl1,0.25,0.0,15000.0,false
afrsil1,0.25,0.0,15000.0,false
spocre2,0.25,0.0,15000.0,false
afrsto1,0.25,0.0,15000.0,false
purswa2,0.25,0.0,15000.0,false
afrtai2,0.25,0.0,15000.0,false
afrthr1,0.25,0.0,15000.0,false
afwowl1,0.25,0.0,15000.0,false
afywar1,0.25,0.0,15000.0,false
alepar2,0.25,0.0,15000.0,false
alpacc1,0.25,0.0,15000.0,false
alpswi1,0.25,0.0,15000.0,false
amesun2,0.25,0.0,15000.0,false
amufal1,0.25,0.0,15000.0,false
angswa1,0.25,0.0,15000.0,false
aquwar1,0.25,0.0,15000.0,false
arasco1,0.25,0.0,15000.0,false
arcnew1,0.25,0.0,15000.0,false
arcter,0.25,0.0,15000.0,false
whbcha2,0.25,0.0,15000.0,false
armbab1,0.25,0.0,15000.0,false
ashcis1,0.25,0.0,15000.0,false
ashdro1,0.25,0.0,15000.0,false
ashfly1,0.25,0.0,15000.0,false
ashpri1,0.25,0.0,15000.0,false
ashsta2,0.25,0.0,15000.0,false
ascspl1,0.25,0.0,15000.0,false
asbowl1,0.25,0.0,15000.0,false
asbfly,0.25,0.0,15000.0,false
asidow1,0.25,0.0,15000.0,false
ashmar1,0.25,0.0,15000.0,false
asikoe2,0.25,0.0,15000.0,false
asiope1,0.25,0.0,15000.0,false
aspswi1,0.25,0.0,15000.0,false
aspsta2,0.25,0.0,15000.0,false
lstlar2,0.25,0.0,15000.0,false
audgul1,0.25,0.0,15000.0,false
augbuz1,0.25,0.0,15000.0,false
azutit2,0.25,0.0,15000.0,false
bagwea1,0.25,0.0,15000.0,false
baicra1,0.25,0.0,15000.0,false
banwar2,0.25,0.0,15000.0,false
banmyn1,0.25,0.0,15000.0,false
banswa,0.25,0.0,15000.0,false
bahgoo,0.25,0.0,15000.0,false
batgod,0.25,0.0,15000.0,false
batlar1,0.25,0.0,15000.0,false
battre1,0.25,0.0,15000.0,false
battro1,0.25,0.0,15000.0,false
batapa2,0.25,0.0,15000.0,false
barpar2,0.25,0.0,15000.0,false
brnowl,0.25,0.0,15000.0,false
barswa,0.25,0.0,15000.0,false
afswar1,0.25,0.0,15000.0,false
barbut1,0.25,0.0,15000.0,false
bltcuc1,0.25,0.0,15000.0,false
barwar1,0.25,0.0,15000.0,false
barwar2,0.25,0.0,15000.0,false
bathaw1,0.25,0.0,15000.0,false
babshr1,0.25,0.0,15000.0,false
baywea1,0.25,0.0,15000.0,false
bearee1,0.25,0.0,15000.0,false
besrob1,0.25,0.0,15000.0,false
beawoo1,0.25,0.0,15000.0,false
beasun2,0.25,0.0,15000.0,false
blabit1,0.25,0.0,15000.0,false
blabul1,0.25,0.0,15000.0,false
blacra1,0.25,0.0,15000.0,false
blacuc1,0.25,0.0,15000.0,false
blkcus1,0.25,0.0,15000.0,false
bladro1,0.25,0.0,15000.0,false
blkfra,0.25,0.0,15000.0,false
blagos1,0.25,0.0,15000.0,false
blagro1,0.25,0.0,15000.0,false
blakit1,0.25,0.0,15000.0,false
blared1,0.25,0.0,15000.0,false
blksaw1,0.25,0.0,15000.0,false
blsrob1,0.25,0.0,15000.0,false
blasto1,0.25,0.0,15000.0,false
blkter,0.25,0.0,15000.0,false
blawoo1,0.25,0.0,15000.0,false
bawfly1,0.25,0.0,15000.0,false
bawhor2,0.25,0.0,15000.0,false
baygro1,0.25,0.0,15000.0,false
blbpuf2,0.25,0.0,15000.0,false
bkbplo,0.25,0.0,15000.0,false
blbsan1,0.25,0.0,15000.0,false
bbgsta1,0.25,0.0,15000.0,false
bkbsun1,0.25,0.0,15000.0,false
blbbar3,0.25,0.0,15000.0,false
bbwdov1,0.25,0.0,15000.0,false
blchor1,0.25,0.0,15000.0,false
blcbab2,0.25,0.0,15000.0,false
blcapa2,0.25,0.0,15000.0,false
blcbar1,0.25,0.0,15000.0,false
bcnher,0.25,0.0,15000.0,false
bcslar1,0.25,0.0,15000.0,false
bkctch1,0.25,0.0,15000.0,false
blcwax2,0.25,0.0,15000.0,false
blfbun1,0.25,0.0,15000.0,false
bkfruw1,0.25,0.0,15000.0,false
blfbus1,0.25,0.0,15000.0,false
blhapa1,0.25,0.0,15000.0,false
blhbun1,0.25,0.0,15000.0,false
bkhcus1,0.25,0.0,15000.0,false
blhgon1,0.25,0.0,15000.0,false
bkhgul,0.25,0.0,15000.0,false
blhher1,0.25,0.0,15000.0,false
blhibi1,0.25,0.0,15000.0,false
blhjay1,0.25,0.0,15000.0,false
blhlap1,0.25,0.0,15000.0,false
blhwea1,0.25,0.0,15000.0,false
blhori1,0.25,0.0,15000.0,false
bklkit,0.25,0.0,15000.0,false
bklbab1,0.25,0.0,15000.0,false
bllcis1,0.25,0.0,15000.0,false
blnmon1,0.25,0.0,15000.0,false
blnter1,0.25,0.0,15000.0,false
blnwea1,0.25,0.0,15000.0,false
bkrfla1,0.25,0.0,15000.0,false
bkrwax,0.25,0.0,15000.0,false
bksnig1,0.25,0.0,15000.0,false
bktgod,0.25,0.0,15000.0,false
bltori1,0.25,0.0,15000.0,false
bltapa1,0.25,0.0,15000.0,false
bltbar1,0.25,0.0,15000.0,false
bltcan1,0.25,0.0,15000.0,false
datthr1,0.25,0.0,15000.0,false
blttit2,0.25,0.0,15000.0,false
btweye1,0.25,0.0,15000.0,false
blwbis1,0.25,0.0,15000.0,false
bkskit1,0.25,0.0,15000.0,false
blwlap1,0.25,0.0,15000.0,false
blwlov1,0.25,0.0,15000.0,false
blwori1,0.25,0.0,15000.0,false
bkwsti,0.25,0.0,15000.0,false
blaplo1,0.25,0.0,15000.0,false
blacks1,0.25,0.0,15000.0,false
blucou1,0.25,0.0,15000.0,false
yellow5,0.25,0.0,15000.0,false
burthr,0.25,0.0,15000.0,false
bluvan1,0.25,0.0,15000.0,false
blwthr1,0.25,0.0,15000.0,false
gramal1,0.25,0.0,15000.0,false
bbbeat2,0.25,0.0,15000.0,false
blbkin4,0.25,0.0,15000.0,false
bcrthr1,0.25,0.0,15000.0,false
bcbeat1,0.25,0.0,15000.0,false
blfred1,0.25,0.0,15000.0,false
blhcou2,0.25,0.0,15000.0,false
bhcfly1,0.25,0.0,15000.0,false
blnmou1,0.25,0.0,15000.0,false
bsrcha1,0.25,0.0,15000.0,false
bswdov1,0.25,0.0,15000.0,false
btbeat1,0.25,0.0,15000.0,false
bltbar2,0.25,0.0,15000.0,false
butfly1,0.25,0.0,15000.0,false
blueth,0.25,0.0,15000.0,false
blwwar1,0.25,0.0,15000.0,false
blypip1,0.25,0.0,15000.0,false
blrwar1,0.25,0.0,15000.0,false
bokmak1,0.25,0.0,15000.0,false
booeag1,0.25,0.0,15000.0,false
boowar1,0.25,0.0,15000.0,false
brakit1,0.25,0.0,15000.0,false
brasta1,0.25,0.0,15000.0,false
brambl,0.25,0.0,15000.0,false
briter1,0.25,0.0,15000.0,false
brican1,0.25,0.0,15000.0,false
brbrol1,0.25,0.0,15000.0,false
brbsan,0.25,0.0,15000.0,false
broman1,0.25,0.0,15000.0,false
brosun1,0.25,0.0,15000.0,false
brwjac1,0.25,0.0,15000.0,false
brlwar1,0.25,0.0,15000.0,false
broacc1,0.25,0.0,15000.0,false
brobab1,0.25,0.0,15000.0,false
brnboo,0.25,0.0,15000.0,false
brodip1,0.25,0.0,15000.0,false
bretai1,0.25,0.0,15000.0,false
brfowl1,0.25,0.0,15000.0,false
broill1,0.25,0.0,15000.0,false
bromes1,0.25,0.0,15000.0,false
brnnod,0.25,0.0,15000.0,false
indcha1,0.25,0.0,15000.0,false
brsrob1,0.25,0.0,15000.0,false
brnshr,0.25,0.0,15000.0,false
brnsku3,0.25,0.0,15000.0,false
brwwar1,0.25,0.0,15000.0,false
bbsrob1,0.25,0.0,15000.0,false
bncwoo3,0.25,0.0,15000.0,false
brcale1,0.25,0.0,15000.0,false
brctch1,0.25,0.0,15000.0,false
brfwoo1,0.25,0.0,15000.0,false
brhapa1,0.25,0.0,15000.0,false
bnhgul1,0.25,0.0,15000.0,false
brhpar2,0.25,0.0,15000.0,false
brhkin1,0.25,0.0,15000.0,false
brnpar1,0.25,0.0,15000.0,false
brnrav1,0.25,0.0,15000.0,false
brtcha1,0.25,0.0,15000.0,false
btweye2,0.25,0.0,15000.0,false
bfbwar1,0.25,0.0,15000.0,false
brubru1,0.25,0.0,15000.0,false
bubwar2,0.25,0.0,15000.0,false
busflu1,0.25,0.0,15000.0,false
butapa1,0.25,0.0,15000.0,false
bugsta1,0.25,0.0,15000.0,false
cabbun1,0.25,0.0,15000.0,false
cabgre1,0.25,0.0,15000.0,false
callar1,0.25,0.0,15000.0,false
capbat1,0.25,0.0,15000.0,false
capbun1,0.25,0.0,15000.0,false
capcan1,0.25,0.0,15000.0,false
capcro1,0.25,0.0,15000.0,false
capcro2,0.25,0.0,15000.0,false
capgra1,0.25,0.0,15000.0,false
cappet,0.25,0.0,15000.0,false
carcha1,0.25,0.0,15000.0,false
carthr1,0.25,0.0,15000.0,false
capgls1,0.25,0.0,15000.0,false
capwag1,0.25,0.0,15000.0,false
capwhe2,0.25,0.0,15000.0,false
capwhe1,0.25,0.0,15000.0,false
carwoo1,0.25,0.0,15000.0,false
carcro1,0.25,0.0,15000.0,false
casgul2,0.25,0.0,15000.0,false
caster1,0.25,0.0,15000.0,false
categr,0.25,0.0,15000.0,false
cetwar1,0.25,0.0,15000.0,false
y00839,0.25,0.0,15000.0,false
chaapa1,0.25,0.0,15000.0,false
chephe1,0.25,0.0,15000.0,false
chethr1,0.25,0.0,15000.0,false
chweye1,0.25,0.0,15000.0,false
chbnut3,0.25,0.0,15000.0,false
cbrthr1,0.25,0.0,15000.0,false
chbsan,0.25,0.0,15000.0,false
ccswea1,0.25,0.0,15000.0,false
chebun2,0.25,0.0,15000.0,false
chtapa3,0.25,0.0,15000.0,false
chifra1,0.25,0.0,15000.0,false
chibat1,0.25,0.0,15000.0,false
chicis1,0.25,0.0,15000.0,false
chbkin2,0.25,0.0,15000.0,false
chucis1,0.25,0.0,15000.0,false
chukar,0.25,0.0,15000.0,false
chucis2,0.25,0.0,15000.0,false
cinbun1,0.25,0.0,15000.0,false
gretit2,0.25,0.0,15000.0,false
cinvul1,0.25,0.0,15000.0,false
cinbit1,0.25,0.0,15000.0,false
cibwar1,0.25,0.0,15000.0,false
cibbun1,0.25,0.0,15000.0,false
ccbeat1,0.25,0.0,15000.0,false
cirbun1,0.25,0.0,15000.0,false
citwag,0.25,0.0,15000.0,false
clrwar1,0.25,0.0,15000.0,false
clocis1,0.25,0.0,15000.0,false
coatit2,0.25,0.0,15000.0,false
wincis4,0.25,0.0,15000.0,false
colfly1,0.25,0.0,15000.0,false
colkin1,0.25,0.0,15000.0,false
colowl1,0.25,0.0,15000.0,false
copthr1,0.25,0.0,15000.0,false
colpra,0.25,0.0,15000.0,false
colsun2,0.25,0.0,15000.0,false
combab3,0.25,0.0,15000.0,false
combul2,0.25,0.0,15000.0,false
combuz1,0.25,0.0,15000.0,false
comcha,0.25,0.0,15000.0,false
comchi1,0.25,0.0,15000.0,false
comcra,0.25,0.0,15000.0,false
comcuc,0.25,0.0,15000.0,false
firecr1,0.25,0.0,15000.0,false
comgol,0.25,0.0,15000.0,false
cogwar1,0.25,0.0,15000.0,false
comgre,0.25,0.0,15000.0,false
mewgul,0.25,0.0,15000.0,false
cohcuc1,0.25,0.0,15000.0,false
cohmar1,0.25,0.0,15000.0,false
comior1,0.25,0.0,15000.0,false
comjer1,0.25,0.0,15000.0,false
comkin1,0.25,0.0,15000.0,false
commer,0.25,0.0,15000.0,false
commyn,0.25,0.0,15000.0,false
comnew1,0.25,0.0,15000.0,false
comnig1,0.25,0.0,15000.0,false
compoc,0.25,0.0,15000.0,false
comqua1,0.25,0.0,15000.0,false
comrav,0.25,0.0,15000.0,false
comred1,0.25,0.0,15000.0,false
comred2,0.25,0.0,15000.0,false
corplo,0.25,0.0,15000.0,false
comros,0.25,0.0,15000.0,false
comsan,0.25,0.0,15000.0,false
cosbil1,0.25,0.0,15000.0,false
comshe,0.25,0.0,15000.0,false
comsni,0.25,0.0,15000.0,false
cstdro1,0.25,0.0,15000.0,false
comswi,0.25,0.0,15000.0,false
comtai1,0.25,0.0,15000.0,false
comter,0.25,0.0,15000.0,false
comwax,0.25,0.0,15000.0,false
cowpig1,0.25,0.0,15000.0,false
comwoo1,0.25,0.0,15000.0,false
comwea1,0.25,0.0,15000.0,false
copsun2,0.25,0.0,15000.0,false
copbar1,0.25,0.0,15000.0,false
coqcou1,0.25,0.0,15000.0,false
corbun1,0.25,0.0,15000.0,false
corcra,0.25,0.0,15000.0,false
corshe,0.25,0.0,15000.0,false
copgoo1,0.25,0.0,15000.0,false
craplo1,0.25,0.0,15000.0,false
crebar1,0.25,0.0,15000.0,false
crebun1,0.25,0.0,15000.0,false
crecou1,0.25,0.0,15000.0,false
credro1,0.25,0.0,15000.0,false
crefra2,0.25,0.0,15000.0,false
cregui1,0.25,0.0,15000.0,false
crekin1,0.25,0.0,15000.0,false
crelar2,0.25,0.0,15000.0,false
crseag1,0.25,0.0,15000.0,false
crebun2,0.25,0.0,15000.0,false
crilon1,0.25,0.0,15000.0,false
eacsun1,0.25,0.0,15000.0,false
crocis1,0.25,0.0,15000.0,false
crobab1,0.25,0.0,15000.0,false
crheag1,0.25,0.0,15000.0,false
crohor1,0.25,0.0,15000.0,false
crolap1,0.25,0.0,15000.0,false
crywar1,0.25,0.0,15000.0,false
cuckoo1,0.25,0.0,15000.0,false
cursan,0.25,0.0,15000.0,false
darbar1,0.25,0.0,15000.0,false
darnew1,0.25,0.0,15000.0,false
dasfly,0.25,0.0,15000.0,false
daujac1,0.25,0.0,15000.0,false
desspa1,0.25,0.0,15000.0,false
delpig1,0.25,0.0,15000.0,false
delpri1,0.25,0.0,15000.0,false
demcra1,0.25,0.0,15000.0,false
descis1,0.25,0.0,15000.0,false
desfin2,0.25,0.0,15000.0,false
deslar1,0.25,0.0,15000.0,false
humowl1,0.25,0.0,15000.0,false
desspa3,0.25,0.0,15000.0,false
deswhe1,0.25,0.0,15000.0,false
didcuc1,0.25,0.0,15000.0,false
dotbar1,0.25,0.0,15000.0,false
dunlin,0.25,0.0,15000.0,false
dunnoc1,0.25,0.0,15000.0,false
duplar1,0.25,0.0,15000.0,false
duscrm1,0.25,0.0,15000.0,false
dueowl1,0.25,0.0,15000.0,false
dltcuc1,0.25,0.0,15000.0,false
dusthr2,0.25,0.0,15000.0,false
dustit2,0.25,0.0,15000.0,false
dutdov1,0.25,0.0,15000.0,false
eargre,0.25,0.0,15000.0,false
eacaka1,0.25,0.0,15000.0,false
bkewhe2,0.25,0.0,15000.0,false
eabwar1,0.25,0.0,15000.0,false
combuz6,0.25,0.0,15000.0,false
edcsun3,0.25,0.0,15000.0,false
easmog1,0.25,0.0,15000.0,false
easnic1,0.25,0.0,15000.0,false
eaowar1,0.25,0.0,15000.0,false
eaowar2,0.25,0.0,15000.0,false
pernut1,0.25,0.0,15000.0,false
kvbsun1,0.25,0.0,15000.0,false
maupar1,0.25,0.0,15000.0,false
egygoo,0.25,0.0,15000.0,false
eswdov1,0.25,0.0,15000.0,false
ercfra,0.25,0.0,15000.0,false
dahori1,0.25,0.0,15000.0,false
trobou2,0.25,0.0,15000.0,false
eurbla,0.25,0.0,15000.0,false
blackc1,0.25,0.0,15000.0,false
blutit,0.25,0.0,15000.0,false
eurbul,0.25,0.0,15000.0,false
eucdov,0.25,0.0,15000.0,false
eurcoo,0.25,0.0,15000.0,false
eurcrm1,0.25,0.0,15000.0,false
eurcur,0.25,0.0,15000.0,false
eurdot,0.25,0.0,15000.0,false
eueowl1,0.25,0.0,15000.0,false
eugori2,0.25,0.0,15000.0,false
eugwoo2,0.25,0.0,15000.0,false
eurgri1,0.25,0.0,15000.0,false
eurhob,0.25,0.0,15000.0,false
hoopoe,0.25,0.0,15000.0,false
eurjac,0.25,0.0,15000.0,false
eurjay1,0.25,0.0,15000.0,false
eurkes,0.25,0.0,15000.0,false
eurlin1,0.25,0.0,15000.0,false
eurmag1,0.25,0.0,15000.0,false
wemhar1,0.25,0.0,15000.0,false
commoo3,0.25,0.0,15000.0,false
eurnig1,0.25,0.0,15000.0,false
eurnut2,0.25,0.0,15000.0,false
euroys1,0.25,0.0,15000.0,false
euptit1,0.25,0.0,15000.0,false
eupowl1,0.25,0.0,15000.0,false
eurwar1,0.25,0.0,15000.0,false
eursco1,0.25,0.0,15000.0,false
eursis,0.25,0.0,15000.0,false
skylar,0.25,0.0,15000.0,false
eurspa1,0.25,0.0,15000.0,false
eurspo1,0.25,0.0,15000.0,false
eutkne1,0.25,0.0,15000.0,false
ettwoo1,0.25,0.0,15000.0,false
eutspa,0.25,0.0,15000.0,false
eurtre1,0.25,0.0,15000.0,false
eurwig,0.25,0.0,15000.0,false
eurwoo,0.25,0.0,15000.0,false
winwre4,0.25,0.0,15000.0,false
eurwry,0.25,0.0,15000.0,false
eubeat1,0.25,0.0,15000.0,false
eugplo,0.25,0.0,15000.0,false
eurgol,0.25,0.0,15000.0,false
eurgre1,0.25,0.0,15000.0,false
euhbuz1,0.25,0.0,15000.0,false
eupfly1,0.25,0.0,15000.0,false
eurrob1,0.25,0.0,15000.0,false
eurrol1,0.25,0.0,15000.0,false
eurser1,0.25,0.0,15000.0,false
eursta,0.25,0.0,15000.0,false
stonec4,0.25,0.0,15000.0,false
eutdov,0.25,0.0,15000.0,false
camscw1,0.25,0.0,15000.0,false
falduc,0.25,0.0,15000.0,false
famcha1,0.25,0.0,15000.0,false
fatrav1,0.25,0.0,15000.0,false
fabwax1,0.25,0.0,15000.0,false
faclar2,0.25,0.0,15000.0,false
ferduc,0.25,0.0,15000.0,false
fieldf,0.25,0.0,15000.0,false
finnig1,0.25,0.0,15000.0,false
ficale2,0.25,0.0,15000.0,false
fifser1,0.25,0.0,15000.0,false
fisfly1,0.25,0.0,15000.0,false
fisgre1,0.25,0.0,15000.0,false
fislov1,0.25,0.0,15000.0,false
fistur1,0.25,0.0,15000.0,false
flalar1,0.25,0.0,15000.0,false
flfshe,0.25,0.0,15000.0,false
forrob1,0.25,0.0,15000.0,false
forrot2,0.25,0.0,15000.0,false
forwea1,0.25,0.0,15000.0,false
fotdro5,0.25,0.0,15000.0,false
asidrc2,0.25,0.0,15000.0,false
focbus2,0.25,0.0,15000.0,false
foxlar1,0.25,0.0,15000.0,false
frenig1,0.25,0.0,15000.0,false
fuwduc,0.25,0.0,15000.0,false
fubwoo2,0.25,0.0,15000.0,false
fuebou1,0.25,0.0,15000.0,false
fuelon2,0.25,0.0,15000.0,false
gabgos2,0.25,0.0,15000.0,false
gadwal,0.25,0.0,15000.0,false
garwar1,0.25,0.0,15000.0,false
gargan,0.25,0.0,15000.0,false
giacou1,0.25,0.0,15000.0,false
giakin3,0.25,0.0,15000.0,false
gloibi,0.25,0.0,15000.0,false
fotdro4,0.25,0.0,15000.0,false
goldcr1,0.25,0.0,15000.0,false
goleag,0.25,0.0,15000.0,false
gobwea1,0.25,0.0,15000.0,false
gobbun1,0.25,0.0,15000.0,false
gotwoo1,0.25,0.0,15000.0,false
grapri1,0.25,0.0,15000.0,false
gryapa1,0.25,0.0,15000.0,false
grybus1,0.25,0.0,15000.0,false
grccra1,0.25,0.0,15000.0,false
grycus1,0.25,0.0,15000.0,false
gryfra,0.25,0.0,15000.0,false
grygab1,0.25,0.0,15000.0,false
graher1,0.25,0.0,15000.0,false
grepar,0.25,0.0,15000.0,false
grypar,0.25,0.0,15000.0,false
grytif1,0.25,0.0,15000.0,false
grytre1,0.25,0.0,15000.0,false
grywag,0.25,0.0,15000.0,false
grywrw1,0.25,0.0,15000.0,false
placuc3,0.25,0.0,15000.0,false
gybpri1,0.25,0.0,15000.0,false
gycwar3,0.25,0.0,15000.0,false
gyhbat1,0.25,0.0,15000.0,false
gyhbus1,0.25,0.0,15000.0,false
gyhcaf1,0.25,0.0,15000.0,false
gyhkin1,0.25,0.0,15000.0,false
gyhlov1,0.25,0.0,15000.0,false
gyhneg1,0.25,0.0,15000.0,false
gyhsow1,0.25,0.0,15000.0,false
purswa3,0.25,0.0,15000.0,false
gyfwoo1,0.25,0.0,15000.0,false
grhgul,0.25,0.0,15000.0,false
gyhwar2,0.25,0.0,15000.0,false
gyhbun1,0.25,0.0,15000.0,false
gyogre1,0.25,0.0,15000.0,false
gytbar1,0.25,0.0,15000.0,false
gytmar1,0.25,0.0,15000.0,false
gyttif1,0.25,0.0,15000.0,false
gywbla1,0.25,0.0,15000.0,false
gywroc1,0.25,0.0,15000.0,false
gragoo,0.25,0.0,15000.0,false
grebar1,0.25,0.0,15000.0,false
grebit1,0.25,0.0,15000.0,false
grbtur1,0.25,0.0,15000.0,false
grecor,0.25,0.0,15000.0,false
grcgre1,0.25,0.0,15000.0,false
grcter1,0.25,0.0,15000.0,false
greegr,0.25,0.0,15000.0,false
grefri,0.25,0.0,15000.0,false
grgowl,0.25,0.0,15000.0,false
norshr1,0.25,0.0,15000.0,false
grekno,0.25,0.0,15000.0,false
grrwar1,0.25,0.0,15000.0,false
greros1,0.25,0.0,15000.0,false
gresni1,0.25,0.0,15000.0,false
grscuc1,0.25,0.0,15000.0,false
grswoo,0.25,0.0,15000.0,false
grtkne1,0.25,0.0,15000.0,false
gretit1,0.25,0.0,15000.0,false
gbesta1,0.25,0.0,15000.0,false
grecou1,0.25,0.0,15000.0,false
gdcsun2,0.25,0.0,15000.0,false
grefla3,0.25,0.0,15000.0,false
grehon2,0.25,0.0,15000.0,false
grhlar1,0.25,0.0,15000.0,false
grpsni1,0.25,0.0,15000.0,false
grsplo,0.25,0.0,15000.0,false
gresca,0.25,0.0,15000.0,false
gstlar1,0.25,0.0,15000.0,false
grseag1,0.25,0.0,15000.0,false
grests1,0.25,0.0,15000.0,false
grswar2,0.25,0.0,15000.0,false
vaspar1,0.25,0.0,15000.0,false
gwfgoo,0.25,0.0,15000.0,false
grewhi1,0.25,0.0,15000.0,false
grebar2,0.25,0.0,15000.0,false
grbeat1,0.25,0.0,15000.0,false
grecro1,0.25,0.0,15000.0,false
grehyl1,0.25,0.0,15000.0,false
yellow6,0.25,0.0,15000.0,false
grnsan,0.25,0.0,15000.0,false
grsbab1,0.25,0.0,15000.0,false
gretin2,0.25,0.0,15000.0,false
grnwar1,0.25,0.0,15000.0,false
grewoo2,0.25,0.0,15000.0,false
grbcam1,0.25,0.0,15000.0,false
grbtit1,0.25,0.0,15000.0,false
grbwoo2,0.25,0.0,15000.0,false
grhori1,0.25,0.0,15000.0,false
gnhsun1,0.25,0.0,15000.0,false
grwpyt1,0.25,0.0,15000.0,false
gnwtea,0.25,0.0,15000.0,false
greere1,0.25,0.0,15000.0,false
grewar3,0.25,0.0,15000.0,false
growea1,0.25,0.0,15000.0,false
grothr1,0.25,0.0,15000.0,false
gubter1,0.25,0.0,15000.0,false
hadibi1,0.25,0.0,15000.0,false
habbar1,0.25,0.0,15000.0,false
hamerk1,0.25,0.0,15000.0,false
harqua1,0.25,0.0,15000.0,false
harbab1,0.25,0.0,15000.0,false
hartur1,0.25,0.0,15000.0,false
hawfin,0.25,0.0,15000.0,false
helgui,0.25,0.0,15000.0,false
hemhor1,0.25,0.0,15000.0,false
norhar1,0.25,0.0,15000.0,false
hergul,0.25,0.0,15000.0,false
hilfra2,0.25,0.0,15000.0,false
hilsta1,0.25,0.0,15000.0,false
himblu1,0.25,0.0,15000.0,false
whcbul2,0.25,0.0,15000.0,false
himcuc1,0.25,0.0,15000.0,false
himgri1,0.25,0.0,15000.0,false
himmon1,0.25,0.0,15000.0,false
strpri2,0.25,0.0,15000.0,false
himrub1,0.25,0.0,15000.0,false
himshb1,0.25,0.0,15000.0,false
whbros1,0.25,0.0,15000.0,false
himwoo1,0.25,0.0,15000.0,false
eurtre3,0.25,0.0,15000.0,false
hogwea1,0.25,0.0,15000.0,false
hongre1,0.25,0.0,15000.0,false
hoocra1,0.25,0.0,15000.0,false
hoocro1,0.25,0.0,15000.0,false
hobvan1,0.25,0.0,15000.0,false
horlar,0.25,0.0,15000.0,false
houcro1,0.25,0.0,15000.0,false
houspa,0.25,0.0,15000.0,false
humlar1,0.25,0.0,15000.0,false
humwar1,0.25,0.0,15000.0,false
huncis1,0.25,0.0,15000.0,false
hypoco1,0.25,0.0,15000.0,false
ictwar1,0.25,0.0,15000.0,false
impeag1,0.25,0.0,15000.0,false
inbrob1,0.25,0.0,15000.0,false
indbus2,0.25,0.0,15000.0,false
indcuc1,0.25,0.0,15000.0,false
ingori1,0.25,0.0,15000.0,false
inghor2,0.25,0.0,15000.0,false
indnig1,0.25,0.0,15000.0,false
aspfly1,0.25,0.0,15000.0,false
compea,0.25,0.0,15000.0,false
indpit1,0.25,0.0,15000.0,false
inpher1,0.25,0.0,15000.0,false
indrob1,0.25,0.0,15000.0,false
indrol2,0.25,0.0,15000.0,false
insowl1,0.25,0.0,15000.0,false
indsil,0.25,0.0,15000.0,false
isbduc1,0.25,0.0,15000.0,false
indthk1,0.25,0.0,15000.0,false
indwhe1,0.25,0.0,15000.0,false
integr,0.25,0.0,15000.0,false
isashr1,0.25,0.0,15000.0,false
isawhe1,0.25,0.0,15000.0,false
jacsni,0.25,0.0,15000.0,false
jamfir1,0.25,0.0,15000.0,false
javspa,0.25,0.0,15000.0,false
jerbab1,0.25,0.0,15000.0,false
joygre1,0.25,0.0,15000.0,false
junbab2,0.25,0.0,15000.0,false
jubqua1,0.25,0.0,15000.0,false
junmyn1,0.25,0.0,15000.0,false
junpri1,0.25,0.0,15000.0,false
kalphe,0.25,0.0,15000.0,false
kasfly1,0.25,0.0,15000.0,false
kelgul,0.25,0.0,15000.0,false
kenplo1,0.25,0.0,15000.0,false
kerspa2,0.25,0.0,15000.0,false
brrwhe8,0.25,0.0,15000.0,false
klacuc1,0.25,0.0,15000.0,false
kokphe1,0.25,0.0,15000.0,false
krunut1,0.25,0.0,15000.0,false
kurthr1,0.25,0.0,15000.0,false
lanwar,0.25,0.0,15000.0,false
laplon,0.25,0.0,15000.0,false
larcus1,0.25,0.0,15000.0,false
lagbab2,0.25,0.0,15000.0,false
labcro1,0.25,0.0,15000.0,false
lblwar1,0.25,0.0,15000.0,false
laudov1,0.25,0.0,15000.0,false
lemdov2,0.25,0.0,15000.0,false
parwar1,0.25,0.0,15000.0,false
lbbgul,0.25,0.0,15000.0,false
lbesta1,0.25,0.0,15000.0,false
lesbri2,0.25,0.0,15000.0,false
lecter2,0.25,0.0,15000.0,false
lescuc1,0.25,0.0,15000.0,false
lesfla1,0.25,0.0,15000.0,false
lesfri,0.25,0.0,15000.0,false
legshr2,0.25,0.0,15000.0,false
leshon1,0.25,0.0,15000.0,false
leskes1,0.25,0.0,15000.0,false
lesmaw1,0.25,0.0,15000.0,false
lesnod1,0.25,0.0,15000.0,false
lesplo,0.25,0.0,15000.0,false
leseag1,0.25,0.0,15000.0,false
leswoo1,0.25,0.0,15000.0,false
lessts1,0.25,0.0,15000.0,false
leswar1,0.25,0.0,15000.0,false
blapar1,0.25,0.0,15000.0,false
lewduc1,0.25,0.0,15000.0,false
lwfgoo,0.25,0.0,15000.0,false
leswhi4,0.25,0.0,15000.0,false
tincis1,0.25,0.0,15000.0,false
levcuc1,0.25,0.0,15000.0,false
librol2,0.25,0.0,15000.0,false
libeat1,0.25,0.0,15000.0,false
litbit1,0.25,0.0,15000.0,false
litbus1,0.25,0.0,15000.0,false
litcor1,0.25,0.0,15000.0,false
litcra1,0.25,0.0,15000.0,false
litcur,0.25,0.0,15000.0,false
litegr,0.25,0.0,15000.0,false
litgre1,0.25,0.0,15000.0,false
litgre2,0.25,0.0,15000.0,false
litgul,0.25,0.0,15000.0,false
litowl1,0.25,0.0,15000.0,false
lirplo,0.25,0.0,15000.0,false
afbwar1,0.25,0.0,15000.0,false
litspa1,0.25,0.0,15000.0,false
litsti,0.25,0.0,15000.0,false
litswi1,0.25,0.0,15000.0,false
litter1,0.25,0.0,15000.0,false
litwea1,0.25,0.0,15000.0,false
livtur1,0.25,0.0,15000.0,false
lizbuz1,0.25,0.0,15000.0,false
lobber1,0.25,0.0,15000.0,false
lobpip1,0.25,0.0,15000.0,false
lobtai1,0.25,0.0,15000.0,false
loceag1,0.25,0.0,15000.0,false
loeowl,0.25,0.0,15000.0,false
lotduc,0.25,0.0,15000.0,false
lotfis1,0.25,0.0,15000.0,false
ltgsta1,0.25,0.0,15000.0,false
lotmin1,0.25,0.0,15000.0,false
lotnig1,0.25,0.0,15000.0,false
lotros1,0.25,0.0,15000.0,false
lotshr1,0.25,0.0,15000.0,false
lottit1,0.25,0.0,15000.0,false
lotwid1,0.25,0.0,15000.0,false
lotsti,0.25,0.0,15000.0,false
luebus1,0.25,0.0,15000.0,false
mabeat1,0.25,0.0,15000.0,false
madbuz1,0.25,0.0,15000.0,false
madcis2,0.25,0.0,15000.0,false
madcuc1,0.25,0.0,15000.0,false
ashcus2,0.25,0.0,15000.0,false
madflu1,0.25,0.0,15000.0,false
madhoo1,0.25,0.0,15000.0,false
madlar1,0.25,0.0,15000.0,false
mamrob1,0.25,0.0,15000.0,false
madnig1,0.25,0.0,15000.0,false
masowl1,0.25,0.0,15000.0,false
maswar1,0.25,0.0,15000.0,false
madwag1,0.25,0.0,15000.0,false
malkin1,0.25,0.0,15000.0,false
malsun1,0.25,0.0,15000.0,false
madbrw1,0.25,0.0,15000.0,false
madbul1,0.25,0.0,15000.0,false
madcou1,0.25,0.0,15000.0,false
mapfly1,0.25,0.0,15000.0,false
madwhe1,0.25,0.0,15000.0,false
mallar3,0.25,0.0,15000.0,false
marsto1,0.25,0.0,15000.0,false
marsun2,0.25,0.0,15000.0,false
marsan,0.25,0.0,15000.0,false
marwar3,0.25,0.0,15000.0,false
masmar1,0.25,0.0,15000.0,false
mapfly2,0.25,0.0,15000.0,false
masboo,0.25,0.0,15000.0,false
masshr1,0.25,0.0,15000.0,false
maubul1,0.25,0.0,15000.0,false
maufod1,0.25,0.0,15000.0,false
maswhe3,0.25,0.0,15000.0,false
mauwhe1,0.25,0.0,15000.0,false
meapip1,0.25,0.0,15000.0,false
medgul1,0.25,0.0,15000.0,false
mstlar1,0.25,0.0,15000.0,false
merlin,0.25,0.0,15000.0,false
megsta1,0.25,0.0,15000.0,false
meypar1,0.25,0.0,15000.0,false
miswoo1,0.25,0.0,15000.0,false
misrob1,0.25,0.0,15000.0,false
misthr1,0.25,0.0,15000.0,false
moccha1,0.25,0.0,15000.0,false
momwoo1,0.25,0.0,15000.0,false
monhar1,0.25,0.0,15000.0,false
moubuz2,0.25,0.0,15000.0,false
mouchi2,0.25,0.0,15000.0,false
gyhwoo1,0.25,0.0,15000.0,false
mouhae1,0.25,0.0,15000.0,false
mouill1,0.25,0.0,15000.0,false
mosowl2,0.25,0.0,15000.0,false
mouwag1,0.25,0.0,15000.0,false
moywar1,0.25,0.0,15000.0,false
afmdov1,0.25,0.0,15000.0,false
mcptit1,0.25,0.0,15000.0,false
mocsun2,0.25,0.0,15000.0,false
mogwar1,0.25,0.0,15000.0,false
moutin1,0.25,0.0,15000.0,false
mouwar1,0.25,0.0,15000.0,false
mutswa,0.25,0.0,15000.0,false
namdov1,0.25,0.0,15000.0,false
nartro1,0.25,0.0,15000.0,false
natfra2,0.25,0.0,15000.0,false
nelwea1,0.25,0.0,15000.0,false
nivsun2,0.25,0.0,15000.0,false
noacha1,0.25,0.0,15000.0,false
waldra1,0.25,0.0,15000.0,false
nobfly1,0.25,0.0,15000.0,false
norbro1,0.25,0.0,15000.0,false
norcro1,0.25,0.0,15000.0,false
ndcsun2,0.25,0.0,15000.0,false
norfis1,0.25,0.0,15000.0,false
norgan,0.25,0.0,15000.0,false
norgos,0.25,0.0,15000.0,false
gyhspa1,0.25,0.0,15000.0,false
norlap,0.25,0.0,15000.0,false
norpin,0.25,0.0,15000.0,false
norpuf1,0.25,0.0,15000.0,false
orabis1,0.25,0.0,15000.0,false
rebhor1,0.25,0.0,15000.0,false
norsho,0.25,0.0,15000.0,false
norshr4,0.25,0.0,15000.0,false
norwhe,0.25,0.0,15000.0,false
nwfowl1,0.25,0.0,15000.0,false
afywhe2,0.25,0.0,15000.0,false
nubwoo1,0.25,0.0,15000.0,false
olibus1,0.25,0.0,15000.0,false
eaosun1,0.25,0.0,15000.0,false
olithr2,0.25,0.0,15000.0,false
oliwoo2,0.25,0.0,15000.0,false
olbpip,0.25,0.0,15000.0,false
olbsun3,0.25,0.0,15000.0,false
ofrcha1,0.25,0.0,15000.0,false
olgcam1,0.25,0.0,15000.0,false
oltwar1,0.25,0.0,15000.0,false
orgthr1,0.25,0.0,15000.0,false
orrfra2,0.25,0.0,15000.0,false
capwhe6,0.25,0.0,15000.0,false
orhthr1,0.25,0.0,15000.0,false
darter2,0.25,0.0,15000.0,false
orihob2,0.25,0.0,15000.0,false
magrob,0.25,0.0,15000.0,false
oriplo1,0.25,0.0,15000.0,false
orsowl,0.25,0.0,15000.0,false
orisky1,0.25,0.0,15000.0,false
ortdov,0.25,0.0,15000.0,false
ortbun1,0.25,0.0,15000.0,false
osprey,0.25,0.0,15000.0,false
pagplo,0.25,0.0,15000.0,false
oripip1,0.25,0.0,15000.0,false
padwar1,0.25,0.0,15000.0,false
paifra1,0.25,0.0,15000.0,false
paisto1,0.25,0.0,15000.0,false
palbat1,0.25,0.0,15000.0,false
palroc1,0.25,0.0,15000.0,false
pasmar1,0.25,0.0,15000.0,false
whbwhe3,0.25,0.0,15000.0,false
pabflo1,0.25,0.0,15000.0,false
pabill1,0.25,0.0,15000.0,false
palsun2,0.25,0.0,15000.0,false
palbun,0.25,0.0,15000.0,false
palhar1,0.25,0.0,15000.0,false
palswi3,0.25,0.0,15000.0,false
parjae,0.25,0.0,15000.0,false
pesowl1,0.25,0.0,15000.0,false
perfal,0.25,0.0,15000.0,false
pettwi1,0.25,0.0,15000.0,false
phtjac1,0.25,0.0,15000.0,false
piapia1,0.25,0.0,15000.0,false
pieavo1,0.25,0.0,15000.0,false
piebar1,0.25,0.0,15000.0,false
piebus1,0.25,0.0,15000.0,false
piecro1,0.25,0.0,15000.0,false
piecuc1,0.25,0.0,15000.0,false
piekin1,0.25,0.0,15000.0,false
piewhe1,0.25,0.0,15000.0,false
pitsan1,0.25,0.0,15000.0,false
pitsni,0.25,0.0,15000.0,false
pitwhy,0.25,0.0,15000.0,false
pinbun,0.25,0.0,15000.0,false
pinpig2,0.25,0.0,15000.0,false
piblar3,0.25,0.0,15000.0,false
pibros2,0.25,0.0,15000.0,false
pipcis2,0.25,0.0,15000.0,false
plgrol1,0.25,0.0,15000.0,false
plagre2,0.25,0.0,15000.0,false
pllwar2,0.25,0.0,15000.0,false
plamar1,0.25,0.0,15000.0,false
plapri1,0.25,0.0,15000.0,false
plbpip1,0.25,0.0,15000.0,false
plhpar1,0.25,0.0,15000.0,false
plured1,0.25,0.0,15000.0,false
polvan1,0.25,0.0,15000.0,false
pomjae,0.25,0.0,15000.0,false
purgre2,0.25,0.0,15000.0,false
purher1,0.25,0.0,15000.0,false
pursun4,0.25,0.0,15000.0,false
pubsun4,0.25,0.0,15000.0,false
puctur2,0.25,0.0,15000.0,false
putcus1,0.25,0.0,15000.0,false
puvill1,0.25,0.0,15000.0,false
pygbat1,0.25,0.0,15000.0,false
pygsun2,0.25,0.0,15000.0,false
quailf1,0.25,0.0,15000.0,false
radacc1,0.25,0.0,15000.0,false
raiqua1,0.25,0.0,15000.0,false
rampig1,0.25,0.0,15000.0,false
ratcis1,0.25,0.0,15000.0,false
redava,0.25,0.0,15000.0,false
recdov1,0.25,0.0,15000.0,false
redcro,0.25,0.0,15000.0,false
redfod1,0.25,0.0,15000.0,false
redjun,0.25,0.0,15000.0,false
redkit1,0.25,0.0,15000.0,false
redkno,0.25,0.0,15000.0,false
redpha1,0.25,0.0,15000.0,false
raybar1,0.25,0.0,15000.0,false
rbsrob1,0.25,0.0,15000.0,false
rebshr1,0.25,0.0,15000.0,false
rebpar1,0.25,0.0,15000.0,false
rbbmag,0.25,0.0,15000.0,false
rbbwea1,0.25,0.0,15000.0,false
rebcho1,0.25,0.0,15000.0,false
rbdhor1,0.25,0.0,15000.0,false
rebfir2,0.25,0.0,15000.0,false
reblei,0.25,0.0,15000.0,false
reboxp1,0.25,0.0,15000.0,false
rebque1,0.25,0.0,15000.0,false
rebtro,0.25,0.0,15000.0,false
rebcou1,0.25,0.0,15000.0,false
rebfly,0.25,0.0,15000.0,false
rebmer,0.25,0.0,15000.0,false
reccou1,0.25,0.0,15000.0,false
reccro1,0.25,0.0,15000.0,false
reclar1,0.25,0.0,15000.0,false
rcrcha1,0.25,0.0,15000.0,false
reccor,0.25,0.0,15000.0,false
reccuc1,0.25,0.0,15000.0,false
recflu1,0.25,0.0,15000.0,false
recsun2,0.25,0.0,15000.0,false
recwid1,0.25,0.0,15000.0,false
recbus1,0.25,0.0,15000.0,false
recpoc,0.25,0.0,15000.0,false
reedov1,0.25,0.0,15000.0,false
refcis1,0.25,0.0,15000.0,false
rfcwin1,0.25,0.0,15000.0,false
refcro1,0.25,0.0,15000.0,false
refmou1,0.25,0.0,15000.0,false
reffal1,0.25,0.0,15000.0,false
refbar2,0.25,0.0,15000.0,false
refcou1,0.25,0.0,15000.0,false
refwar2,0.25,0.0,15000.0,false
refros1,0.25,0.0,15000.0,false
reftin1,0.25,0.0,15000.0,false
rehbun1,0.25,0.0,15000.0,false
rekcoo1,0.25,0.0,15000.0,false
renibi1,0.25,0.0,15000.0,false
renfra1,0.25,0.0,15000.0,false
rengre,0.25,0.0,15000.0,false
renpha,0.25,0.0,15000.0,false
rensti,0.25,0.0,15000.0,false
rerswa1,0.25,0.0,15000.0,false
rtathr1,0.25,0.0,15000.0,false
combri2,0.25,0.0,15000.0,false
retgre1,0.25,0.0,15000.0,false
rutshr2,0.25,0.0,15000.0,false
rettro,0.25,0.0,15000.0,false
retvan1,0.25,0.0,15000.0,false
rtbeat1,0.25,0.0,15000.0,false
retpip,0.25,0.0,15000.0,false
revbul,0.25,0.0,15000.0,false
rewlap1,0.25,0.0,15000.0,false
rewbul,0.25,0.0,15000.0,false
rewfra2,0.25,0.0,15000.0,false
rewpri1,0.25,0.0,15000.0,false
rewsta1,0.25,0.0,15000.0,false
redwin,0.25,0.0,15000.0,false
reebun,0.25,0.0,15000.0,false
regsun2,0.25,0.0,15000.0,false
reisee2,0.25,0.0,15000.0,false
rethel1,0.25,0.0,15000.0,false
ricpip1,0.25,0.0,15000.0,false
rinouz1,0.25,0.0,15000.0,false
rindov,0.25,0.0,15000.0,false
rinphe,0.25,0.0,15000.0,false
rivter1,0.25,0.0,15000.0,false
eurwar2,0.25,0.0,15000.0,false
robacc1,0.25,0.0,15000.0,false
rocbun1,0.25,0.0,15000.0,false
robqua1,0.25,0.0,15000.0,false
roeowl1,0.25,0.0,15000.0,false
rocmar2,0.25,0.0,15000.0,false
rocpig,0.25,0.0,15000.0,false
rocpta1,0.25,0.0,15000.0,false
rocpet1,0.25,0.0,15000.0,false
rolcis2,0.25,0.0,15000.0,false
rook1,0.25,0.0,15000.0,false
rorpar,0.25,0.0,15000.0,false
roster,0.25,0.0,15000.0,false
rostur1,0.25,0.0,15000.0,false
rospip1,0.25,0.0,15000.0,false
rossta2,0.25,0.0,15000.0,false
ropbus1,0.25,0.0,15000.0,false
rolhaw,0.25,0.0,15000.0,false
rudapa1,0.25,0.0,15000.0,false
rudshe,0.25,0.0,15000.0,false
rudtur,0.25,0.0,15000.0,false
rubcra1,0.25,0.0,15000.0,false
ruff,0.25,0.0,15000.0,false
rufthr1,0.25,0.0,15000.0,false
rufsib1,0.25,0.0,15000.0,false
ruftre2,0.25,0.0,15000.0,false
rufvan1,0.25,0.0,15000.0,false
rubnil1,0.25,0.0,15000.0,false
rubtit3,0.25,0.0,15000.0,false
rubwoo1,0.25,0.0,15000.0,false
rubacc1,0.25,0.0,15000.0,false
rucnig1,0.25,0.0,15000.0,false
rucswa2,0.25,0.0,15000.0,false
ruclau1,0.25,0.0,15000.0,false
rufpri2,0.25,0.0,15000.0,false
rhgrol1,0.25,0.0,15000.0,false
runlar1,0.25,0.0,15000.0,false
bkbtit2,0.25,0.0,15000.0,false
runwry1,0.25,0.0,15000.0,false
rutlar2,0.25,0.0,15000.0,false
rtrthr1,0.25,0.0,15000.0,false
rutscr1,0.25,0.0,15000.0,false
rutwea1,0.25,0.0,15000.0,false
russpa2,0.25,0.0,15000.0,false
rusbun,0.25,0.0,15000.0,false
rcsbab1,0.25,0.0,15000.0,false
rutfly6,0.25,0.0,15000.0,false
rurcha1,0.25,0.0,15000.0,false
ruegls1,0.25,0.0,15000.0,false
ruewea1,0.25,0.0,15000.0,false
sablar2,0.25,0.0,15000.0,false
buspet1,0.25,0.0,15000.0,false
sakwea1,0.25,0.0,15000.0,false
sanlar1,0.25,0.0,15000.0,false
sander,0.25,0.0,15000.0,false
santer1,0.25,0.0,15000.0,false
sarwar1,0.25,0.0,15000.0,false
sarcra1,0.25,0.0,15000.0,false
sauter2,0.25,0.0,15000.0,false
savnig1,0.25,0.0,15000.0,false
savwar1,0.25,0.0,15000.0,false
scafra2,0.25,0.0,15000.0,false
scbwoo1,0.25,0.0,15000.0,false
scbill1,0.25,0.0,15000.0,false
nutman,0.25,0.0,15000.0,false
scthon1,0.25,0.0,15000.0,false
scamin1,0.25,0.0,15000.0,false
sccsun2,0.25,0.0,15000.0,false
schtur1,0.25,0.0,15000.0,false
schasi1,0.25,0.0,15000.0,false
stswar1,0.25,0.0,15000.0,false
sedwar1,0.25,0.0,15000.0,false
semfly1,0.25,0.0,15000.0,false
sencou1,0.25,0.0,15000.0,false
setkne1,0.25,0.0,15000.0,false
shtsan,0.25,0.0,15000.0,false
shaaka1,0.25,0.0,15000.0,false
shasta2,0.25,0.0,15000.0,false
shefra2,0.25,0.0,15000.0,false
shegre1,0.25,0.0,15000.0,false
shikra1,0.25,0.0,15000.0,false
shisun3,0.25,0.0,15000.0,false
sheowl,0.25,0.0,15000.0,false
shtbat1,0.25,0.0,15000.0,false
shteag1,0.25,0.0,15000.0,false
shttre1,0.25,0.0,15000.0,false
sibcra1,0.25,0.0,15000.0,false
sibsto1,0.25,0.0,15000.0,false
sibvan1,0.25,0.0,15000.0,false
sifcis1,0.25,0.0,15000.0,false
sichor1,0.25,0.0,15000.0,false
simgre1,0.25,0.0,15000.0,false
sinros1,0.25,0.0,15000.0,false
sinspa1,0.25,0.0,15000.0,false
sinbus1,0.25,0.0,15000.0,false
sincis1,0.25,0.0,15000.0,false
sirmal1,0.25,0.0,15000.0,false
slcbou1,0.25,0.0,15000.0,false
slbfly2,0.25,0.0,15000.0,false
slhpar1,0.25,0.0,15000.0,false
slbgre1,0.25,0.0,15000.0,false
slbgul1,0.25,0.0,15000.0,false
slbsta1,0.25,0.0,15000.0,false
sltnig1,0.25,0.0,15000.0,false
smabut2,0.25,0.0,15000.0,false
smamin1,0.25,0.0,15000.0,false
smapra1,0.25,0.0,15000.0,false
smew,0.25,0.0,15000.0,false
scrcha1,0.25,0.0,15000.0,false
sstlar1,0.25,0.0,15000.0,false
somtit4,0.25,0.0,15000.0,false
somgre1,0.25,0.0,15000.0,false
somtit3,0.25,0.0,15000.0,false
sonthr1,0.25,0.0,15000.0,false
soocha1,0.25,0.0,15000.0,false
sooshe,0.25,0.0,15000.0,false
sooter1,0.25,0.0,15000.0,false
sousun2,0.25,0.0,15000.0,false
sobfly1,0.25,0.0,15000.0,false
soublt1,0.25,0.0,15000.0,false
soubou1,0.25,0.0,15000.0,false
sbtwea1,0.25,0.0,15000.0,false
soucit1,0.25,0.0,15000.0,false
bubcor1,0.25,0.0,15000.0,false
soufis1,0.25,0.0,15000.0,false
sghspa2,0.25,0.0,15000.0,false
sougrc1,0.25,0.0,15000.0,false
soghor1,0.25,0.0,15000.0,false
afmwea,0.25,0.0,15000.0,false
redbis,0.25,0.0,15000.0,false
srbhor1,0.25,0.0,15000.0,false
afywhe4,0.25,0.0,15000.0,false
sybhor1,0.25,0.0,15000.0,false
spaspa1,0.25,0.0,15000.0,false
spfwea1,0.25,0.0,15000.0,false
spemou2,0.25,0.0,15000.0,false
spepic1,0.25,0.0,15000.0,false
spepig1,0.25,0.0,15000.0,false
spetin1,0.25,0.0,15000.0,false
spefin1,0.25,0.0,15000.0,false
spetet1,0.25,0.0,15000.0,false
spewar2,0.25,0.0,15000.0,false
spewea1,0.25,0.0,15000.0,false
spewea2,0.25,0.0,15000.0,false
spgsta1,0.25,0.0,15000.0,false
splsun2,0.25,0.0,15000.0,false
spblap1,0.25,0.0,15000.0,false
spfbar1,0.25,0.0,15000.0,false
spothr1,0.25,0.0,15000.0,false
spocra1,0.25,0.0,15000.0,false
spodov,0.25,0.0,15000.0,false
spoeao2,0.25,0.0,15000.0,false
spofly1,0.25,0.0,15000.0,false
spofor1,0.25,0.0,15000.0,false
spgthr1,0.25,0.0,15000.0,false
spmthr1,0.25,0.0,15000.0,false
spoowl1,0.25,0.0,15000.0,false
spored,0.25,0.0,15000.0,false
sposan1,0.25,0.0,15000.0,false
sptkne1,0.25,0.0,15000.0,false
spwlap1,0.25,0.0,15000.0,false
squher1,0.25,0.0,15000.0,false
sqtnig1,0.25,0.0,15000.0,false
steeag1,0.25,0.0,15000.0,false
miowrw3,0.25,0.0,15000.0,false
stodov1,0.25,0.0,15000.0,false
stopar1,0.25,0.0,15000.0,false
stbkin1,0.25,0.0,15000.0,false
stocis1,0.25,0.0,15000.0,false
sttwhy1,0.25,0.0,15000.0,false
sttswa2,0.25,0.0,15000.0,false
strlau1,0.25,0.0,15000.0,false
strwea2,0.25,0.0,15000.0,false
strsee1,0.25,0.0,15000.0,false
sthsee2,0.25,0.0,15000.0,false
stbcro1,0.25,0.0,15000.0,false
strbab1,0.25,0.0,15000.0,false
strher,0.25,0.0,15000.0,false
houbun2,0.25,0.0,15000.0,false
stcgre1,0.25,0.0,15000.0,false
sttjer1,0.25,0.0,15000.0,false
strkin1,0.25,0.0,15000.0,false
strpip1,0.25,0.0,15000.0,false
subbrw1,0.25,0.0,15000.0,false
subwar2,0.25,0.0,15000.0,false
subbus1,0.25,0.0,15000.0,false
succoc,0.25,0.0,15000.0,false
supsta1,0.25,0.0,15000.0,false
swafra2,0.25,0.0,15000.0,false
swaspa2,0.25,0.0,15000.0,false
stbeat1,0.25,0.0,15000.0,false
swafly3,0.25,0.0,15000.0,false
swanig1,0.25,0.0,15000.0,false
swagoo1,0.25,0.0,15000.0,false
swewax3,0.25,0.0,15000.0,false
swisni1,0.25,0.0,15000.0,false
swyrob1,0.25,0.0,15000.0,false
sykwar2,0.25,0.0,15000.0,false
syrwoo1,0.25,0.0,15000.0,false
taifly1,0.25,0.0,15000.0,false
tamdov1,0.25,0.0,15000.0,false
tawlar1,0.25,0.0,15000.0,false
tawowl1,0.25,0.0,15000.0,false
tawpip1,0.25,0.0,15000.0,false
tabbab1,0.25,0.0,15000.0,false
tafpri1,0.25,0.0,15000.0,false
temsti,0.25,0.0,15000.0,false
tersan,0.25,0.0,15000.0,false
terbro1,0.25,0.0,15000.0,false
thelar1,0.25,0.0,15000.0,false
thbflo1,0.25,0.0,15000.0,false
thbplo1,0.25,0.0,15000.0,false
thrnig1,0.25,0.0,15000.0,false
tibsno1,0.25,0.0,15000.0,false
tibfly3,0.25,0.0,15000.0,false
tilwar1,0.25,0.0,15000.0,false
ticthr1,0.25,0.0,15000.0,false
torsco1,0.25,0.0,15000.0,false
trepip,0.25,0.0,15000.0,false
trimun,0.25,0.0,15000.0,false
tricis1,0.25,0.0,15000.0,false
trista1,0.25,0.0,15000.0,false
trobou1,0.25,0.0,15000.0,false
troshe5,0.25,0.0,15000.0,false
trufin2,0.25,0.0,15000.0,false
truhor1,0.25,0.0,15000.0,false
tufduc,0.25,0.0,15000.0,false
tunswa,0.25,0.0,15000.0,false
tstlar1,0.25,0.0,15000.0,false
twite1,0.25,0.0,15000.0,false
tylvan1,0.25,0.0,15000.0,false
tylwar1,0.25,0.0,15000.0,false
ugawow1,0.25,0.0,15000.0,false
ultfly1,0.25,0.0,15000.0,false
upcwar1,0.25,0.0,15000.0,false
uplpip1,0.25,0.0,15000.0,false
vadvan1,0.25,0.0,15000.0,false
varind1,0.25,0.0,15000.0,false
varsun2,0.25,0.0,15000.0,false
varlau1,0.25,0.0,15000.0,false
verfly4,0.25,0.0,15000.0,false
veeowl1,0.25,0.0,15000.0,false
viewea1,0.25,0.0,15000.0,false
vilind,0.25,0.0,15000.0,false
vilwea1,0.25,0.0,15000.0,false
vindov1,0.25,0.0,15000.0,false
vibsta2,0.25,0.0,15000.0,false
vimwea1,0.25,0.0,15000.0,false
vddhor1,0.25,0.0,15000.0,false
waicis1,0.25,0.0,15000.0,false
wallcr1,0.25,0.0,15000.0,false
walsta1,0.25,0.0,15000.0,false
watpip1,0.25,0.0,15000.0,false
watrai1,0.25,0.0,15000.0,false
watkne1,0.25,0.0,15000.0,false
waterc1,0.25,0.0,15000.0,false
watibi1,0.25,0.0,15000.0,false
watlap1,0.25,0.0,15000.0,false
watsta1,0.25,0.0,15000.0,false
wetshe,0.25,0.0,15000.0,false
bkhbat1,0.25,0.0,15000.0,false
wbhori1,0.25,0.0,15000.0,false
webwar1,0.25,0.0,15000.0,false
wescap1,0.25,0.0,15000.0,false
weclew1,0.25,0.0,15000.0,false
miosun2,0.25,0.0,15000.0,false
yesnic1,0.25,0.0,15000.0,false
weowar1,0.25,0.0,15000.0,false
weowar2,0.25,0.0,15000.0,false
werher,0.25,0.0,15000.0,false
rocnut1,0.25,0.0,15000.0,false
purswa1,0.25,0.0,15000.0,false
eaywag1,0.25,0.0,15000.0,false
whimbr,0.25,0.0,15000.0,false
whinch1,0.25,0.0,15000.0,false
whiter2,0.25,0.0,15000.0,false
whiwar2,0.25,0.0,15000.0,false
whicis1,0.25,0.0,15000.0,false
whihel1,0.25,0.0,15000.0,false
whisto1,0.25,0.0,15000.0,false
whiter,0.25,0.0,15000.0,false
whiwag,0.25,0.0,15000.0,false
whbbus2,0.25,0.0,15000.0,false
whbcan1,0.25,0.0,15000.0,false
wbgbir1,0.25,0.0,15000.0,false
whbtit5,0.25,0.0,15000.0,false
wbbwea1,0.25,0.0,15000.0,false
whbcus2,0.25,0.0,15000.0,false
whbmes2,0.25,0.0,15000.0,false
whbsun2,0.25,0.0,15000.0,false
whbwat1,0.25,0.0,15000.0,false
whbcou1,0.25,0.0,15000.0,false
whbfan2,0.25,0.0,15000.0,false
whbful1,0.25,0.0,15000.0,false
whbowl1,0.25,0.0,15000.0,false
wbrcha2,0.25,0.0,15000.0,false
wbswea1,0.25,0.0,15000.0,false
whbwag1,0.25,0.0,15000.0,false
chbbun1,0.25,0.0,15000.0,false
whcred1,0.25,0.0,15000.0,false
whcter1,0.25,0.0,15000.0,false
whctur1,0.25,0.0,15000.0,false
whcale1,0.25,0.0,15000.0,false
wcptit1,0.25,0.0,15000.0,false
wcrcha1,0.25,0.0,15000.0,false
whtwhe1,0.25,0.0,15000.0,false
whebar1,0.25,0.0,15000.0,false
whebul1,0.25,0.0,15000.0,false
whebuz1,0.25,0.0,15000.0,false
wheslf1,0.25,0.0,15000.0,false
wfwduc1,0.25,0.0,15000.0,false
wfbeat1,0.25,0.0,15000.0,false
whbwea1,0.25,0.0,15000.0,false
whhwoo1,0.25,0.0,15000.0,false
whncra1,0.25,0.0,15000.0,false
whwtit2,0.25,0.0,15000.0,false
whnwoo1,0.25,0.0,15000.0,false
whnrav1,0.25,0.0,15000.0,false
whrbab2,0.25,0.0,15000.0,false
whrshr1,0.25,0.0,15000.0,false
whrswi1,0.25,0.0,15000.0,false
whsbul1,0.25,0.0,15000.0,false
whsflu1,0.25,0.0,15000.0,false
whsrob1,0.25,0.0,15000.0,false
wtathr1,0.25,0.0,15000.0,false
wtcfly1,0.25,0.0,15000.0,false
whteag,0.25,0.0,15000.0,false
whtior1,0.25,0.0,15000.0,false
whtlap1,0.25,0.0,15000.0,false
whttro,0.25,0.0,15000.0,false
wtbeat1,0.25,0.0,15000.0,false
whtdip1,0.25,0.0,15000.0,false
whtfan1,0.25,0.0,15000.0,false
whtkin2,0.25,0.0,15000.0,false
whtlau1,0.25,0.0,15000.0,false
whtnee,0.25,0.0,15000.0,false
whtoxy1,0.25,0.0,15000.0,false
whtrai1,0.25,0.0,15000.0,false
whtrob3,0.25,0.0,15000.0,false
wtrcha1,0.25,0.0,15000.0,false
whttit1,0.25,0.0,15000.0,false
whwblt3,0.25,0.0,15000.0,false
whwcro,0.25,0.0,15000.0,false
whwgro1,0.25,0.0,15000.0,false
whwsno1,0.25,0.0,15000.0,false
wwswar1,0.25,0.0,15000.0,false
whwter,0.25,0.0,15000.0,false
whwwoo1,0.25,0.0,15000.0,false
whoswa,0.25,0.0,15000.0,false
wilpta,0.25,0.0,15000.0,false
wlwwar,0.25,0.0,15000.0,false
wincis3,0.25,0.0,15000.0,false
wiscis1,0.25,0.0,15000.0,false
witswa1,0.25,0.0,15000.0,false
woolar1,0.25,0.0,15000.0,false
woosan,0.25,0.0,15000.0,false
woowar,0.25,0.0,15000.0,false
wooshr1,0.25,0.0,15000.0,false
wookin1,0.25,0.0,15000.0,false
yelbis1,0.25,0.0,15000.0,false
yelbit,0.25,0.0,15000.0,false
yelfly2,0.25,0.0,15000.0,false
yellon1,0.25,0.0,15000.0,false
yebere1,0.25,0.0,15000.0,false
yebfan1,0.25,0.0,15000.0,false
yebgre1,0.25,0.0,15000.0,false
yebpri1,0.25,0.0,15000.0,false
yebwax2,0.25,0.0,15000.0,false
yebbar1,0.25,0.0,15000.0,false
gobmag1,0.25,0.0,15000.0,false
yebcho1,0.25,0.0,15000.0,false
yebduc1,0.25,0.0,15000.0,false
yeboxp1,0.25,0.0,15000.0,false
yebshr1,0.25,0.0,15000.0,false
yebapa1,0.25,0.0,15000.0,false
yebgre4,0.25,0.0,15000.0,false
yeboxy1,0.25,0.0,15000.0,false
yebwar3,0.25,0.0,15000.0,false
yeclov,0.25,0.0,15000.0,false
yecbis,0.25,0.0,15000.0,false
yeccan1,0.25,0.0,15000.0,false
yecwoo1,0.25,0.0,15000.0,false
yeebab1,0.25,0.0,15000.0,false
yefpig1,0.25,0.0,15000.0,false
yefcan,0.25,0.0,15000.0,false
yeftin1,0.25,0.0,15000.0,false
yelgul1,0.25,0.0,15000.0,false
yenspu1,0.25,0.0,15000.0,false
yertin1,0.25,0.0,15000.0,false
yesbar1,0.25,0.0,15000.0,false
yespet1,0.25,0.0,15000.0,false
yesbul1,0.25,0.0,15000.0,false
yetpet1,0.25,0.0,15000.0,false
yetgre1,0.25,0.0,15000.0,false
yetlon1,0.25,0.0,15000.0,false
chspet1,0.25,0.0,15000.0,false
yettin1,0.25,0.0,15000.0,false
yetwow1,0.25,0.0,15000.0,false
yewlap2,0.25,0.0,15000.0,false
yewgre1,0.25,0.0,15000.0,false
yellow2,0.25,0.0,15000.0,false
yemlin1,0.25,0.0,15000.0,false
yemser1,0.25,0.0,15000.0,false
yemthr1,0.25,0.0,15000.0,false
zanbou1,0.25,0.0,15000.0,false
zebdov,0.25,0.0,15000.0,false
zitcis1,0.25,0.0,15000.0,false
